Code;Date;Precipitation;MaxTemp;MinTemp;Insolation;Year;Month;Day;Latitude;Longitude;Altitude;Humidity0;Humidity12;Humidity18;Pressure0;Pressure12;Pressure18;WindDirection0;WindDirection12;WindDirection18;WindSpeed0;WindSpeed12;WindSpeed18;Cloudiness0;Cloudiness12;Cloudiness18;AvgHumidity;AvgPressure;AvgCloudiness;AvgWindSpeed;WindDirection
83587;2021-01-01;0;33.2;21.8;9.6;2021;1;1;-19.93;-43.93;915;61.0;56.0;36.0;913.2;913.2;911.0;2;7;5;1.02888;0.8;0.5;0.0;6.0;6.0;51.0;912.4666666666667;4.0;0.7762933333333333;2
83587;2021-01-02;0;26.9;21.1;1.3;2021;1;2;-19.93;-43.93;915;57.0;60.0;54.0;912.4;913.3;911.2;2;7;0;1.3;2.8;1.6;1.0;10.0;9.0;57.0;912.2999999999998;6.666666666666667;1.8999999999999997;2
83587;2021-01-03;6.2;27.5;18.8;4.5;2021;1;3;-19.93;-43.93;915;84.0;84.0;58.0;909.6;911.9;911.1;2;7;7;1.2;0.9;1.1;10.0;9.0;8.0;75.33333333333333;910.8666666666667;9.0;1.0666666666666667;2
83587;2021-01-04;0;28;16.5;8.5;2021;1;4;-19.93;-43.93;915;67.0;50.0;39.0;912.4;915.1;912.6;2;1;7;0.8;1.6;1.6;0.0;0.0;8.0;52.0;913.3666666666667;2.6666666666666665;1.3333333333333333;2
83587;2021-01-05;0;25.1;15.7;7.8;2021;1;5;-19.93;-43.93;915;78.0;65.0;53.0;917.7;919.0;916.2;2;1;1;0.5;1.1;1.0;6.0;6.0;8.0;65.33333333333333;917.6333333333333;6.666666666666667;0.8666666666666667;2
83587;2021-01-06;0;29.2;16.9;6.7;2021;1;6;-19.93;-43.93;915;61.0;100.0;38.0;914.1;914.8;911.7;8;2;7;0.0;0.7;1.6;0.0;0.0;4.0;66.33333333333333;913.5333333333334;1.3333333333333333;0.7666666666666666;2
83587;2021-01-07;0;25.2;14.4;6.7;2021;1;7;-19.93;-43.93;915;59.0;59.0;44.0;917.4;918.6;916.6;0;1;1;0.7;0.7;0.5;2.0;1.0;6.0;54.0;917.5333333333333;3.0;0.6333333333333333;0
83587;2021-01-08;0;21.7;12.8;2.8;2021;1;8;-19.93;-43.93;915;47.0;47.0;39.0;919.1;920.0;916.1;1;1;3;0.9;1.5;0.5;0.0;10.0;4.0;44.333333333333336;918.4;4.666666666666667;0.9666666666666667;1
83587;2021-01-09;0;24.2;16.9;2;2021;1;9;-19.93;-43.93;915;46.0;65.0;44.0;916.7;920.8;919.6;1;2;2;2.0;2.0;2.0;0.0;10.0;10.0;51.666666666666664;919.0333333333333;6.666666666666667;2.0;1
83587;2021-01-10;22;30;16.4;8.7;2021;1;10;-19.93;-43.93;915;89.0;78.0;34.0;910.0;910.3;905.7;0;7;5;0.8;1.0;1.6;8.0;8.0;5.0;67.0;908.6666666666666;7.0;1.1333333333333335;0
83587;2021-01-11;0;24.1;18.4;0;2021;1;11;-19.93;-43.93;915;67.0;68.0;82.0;908.3;913.3;911.7;5;6;7;0.5;1.5;1.6;5.0;10.0;10.0;72.33333333333333;911.1;8.333333333333334;1.2;5
83587;2021-01-12;15.1;21.4;19.5;0;2021;1;12;-19.93;-43.93;915;79.0;96.0;88.0;907.7;910.3;908.9;7;6;6;1.6;1.6;1.6;8.0;10.0;10.0;87.66666666666667;908.9666666666667;9.333333333333334;1.6000000000000003;7
83587;2021-01-13;27;26;19.7;0;2021;1;13;-19.93;-43.93;915;84.0;80.0;65.0;910.5;912.5;910.2;7;7;7;0.6;1.5;1.1;10.0;10.0;10.0;76.33333333333333;911.0666666666666;10.0;1.0666666666666667;7
83587;2021-01-14;14;27.9;19.4;4.6;2021;1;14;-19.93;-43.93;915;76.0;90.0;63.0;909.9;910.6;908.8;7;0;6;0.3;0.5;1.6;10.0;10.0;9.0;76.33333333333333;909.7666666666668;9.666666666666666;0.8000000000000002;7
83587;2021-01-15;30.2;26.5;19.2;1.1;2021;1;15;-19.93;-43.93;915;73.0;95.0;59.0;909.5;911.9;910.8;5;6;4;0.8;0.5;1.6;9.0;10.0;9.0;75.66666666666667;910.7333333333332;9.333333333333334;0.9666666666666668;5
83587;2021-01-17;0;27.5;20.3;6.6;2021;1;17;-19.93;-43.93;915;79.0;67.0;48.0;912.9;912.2;909.9;7;7;7;1.6;1.5;1.5;6.0;10.0;9.0;64.66666666666667;911.6666666666666;8.333333333333334;1.5333333333333332;7
83587;2021-01-18;0;29.7;20.5;11.3;2021;1;18;-19.93;-43.93;915;66.0;55.0;39.0;910.8;912.3;909.8;6;7;7;0.8;2.3;1.8;0.0;2.0;4.0;53.333333333333336;910.9666666666666;2.0;1.633333333333333;6
83587;2021-01-19;0;30.4;20.4;9.3;2021;1;19;-19.93;-43.93;915;49.0;55.0;42.0;912.3;913.5;911.1;6;1;7;1.1;1.5;0.7;0.0;0.0;5.0;48.666666666666664;912.3000000000001;1.6666666666666667;1.0999999999999999;6
83587;2021-01-20;0;28.9;21.9;9.4;2021;1;20;-19.93;-43.93;915;62.0;63.0;42.0;912.2;914.3;913.2;6;1;1;0.7;1.6;1.6;5.0;3.0;4.0;55.666666666666664;913.2333333333332;4.0;1.3;6
83587;2021-01-21;0;28.4;21.7;6.8;2021;1;21;-19.93;-43.93;915;55.0;65.0;43.0;913.5;914.3;912.1;2;1;0;0.5;0.7;1.8;2.0;6.0;8.0;54.333333333333336;913.3000000000001;5.333333333333333;1.0;2
83587;2021-01-22;0;29;21.4;8.4;2021;1;22;-19.93;-43.93;915;55.0;69.0;40.0;912.3;913.3;911.5;2;1;2;1.3;1.3;1.8;2.0;6.0;6.0;54.666666666666664;912.3666666666667;4.666666666666667;1.4666666666666668;2
83587;2021-01-23;0;29;20.5;6.4;2021;1;23;-19.93;-43.93;915;52.0;60.0;43.0;912.6;913.7;911.9;2;1;7;1.6;1.8;0.7;1.0;6.0;9.0;51.666666666666664;912.7333333333335;5.333333333333333;1.366666666666667;2
83587;2021-01-24;0;30.3;21.9;7.6;2021;1;24;-19.93;-43.93;915;56.0;61.0;45.0;912.3;914.0;912.1;2;1;7;1.6;1.1;3.0;4.0;3.0;9.0;54.0;912.8000000000001;5.333333333333333;1.9000000000000001;2
83587;2021-01-25;3.2;29.5;21.9;7.3;2021;1;25;-19.93;-43.93;915;79.0;62.0;48.0;913.3;915.2;912.3;8;1;0;0.0;1.8;1.6;10.0;4.0;8.0;63.0;913.6;7.333333333333333;1.1333333333333335;1
83587;2021-01-26;0;31.4;22.4;9;2021;1;26;-19.93;-43.93;915;57.0;62.0;44.0;912.2;914.1;912.0;6;2;7;0.5;2.1;1.6;0.0;2.0;4.0;54.333333333333336;912.7666666666668;2.0;1.4000000000000001;6
83587;2021-01-27;0;30.3;22.1;10.5;2021;1;27;-19.93;-43.93;915;57.0;57.0;37.0;913.2;915.3;913.0;6;2;6;0.8;1.3;1.3;0.0;4.0;8.0;50.333333333333336;913.8333333333334;4.0;1.1333333333333335;6
83587;2021-01-28;0;29.8;21.2;9;2021;1;28;-19.93;-43.93;915;56.0;63.0;37.0;914.2;916.5;914.0;6;1;6;0.8;1.6;0.8;0.0;6.0;4.0;52.0;914.9;3.3333333333333335;1.0666666666666667;6
83587;2021-01-29;0;29.4;21.4;10;2021;1;29;-19.93;-43.93;915;47.0;65.0;46.0;915.1;916.3;915.1;6;6;6;1.6;1.6;1.6;0.0;8.0;5.0;52.666666666666664;915.5;4.333333333333333;1.6000000000000003;6
83587;2021-01-30;0;27.7;21.5;4.7;2021;1;30;-19.93;-43.93;915;65.0;59.0;50.0;915.2;915.9;914.2;6;7;7;1.6;3.3;1.1;2.0;7.0;7.0;58.0;915.1;5.333333333333333;2.0;6
83587;2021-01-31;0;29.7;21.1;9.8;2021;1;31;-19.93;-43.93;915;59.0;63.0;41.0;913.7;914.9;912.2;2;7;7;1.6;1.8;1.5;0.0;5.0;3.0;54.333333333333336;913.6;2.6666666666666665;1.6333333333333335;2
83587;2021-02-01;0;33.4;23.6;7.3;2021;2;1;-19.93;-43.93;915;40.0;46.0;30.0;912.0;912.6;908.8;0;5;5;0.8;1.0;1.3;5.0;6.0;8.0;38.666666666666664;911.1333333333332;6.333333333333333;1.0333333333333334;0
83587;2021-02-03;0;30.5;20.2;6.2;2021;2;3;-19.93;-43.93;915;77.0;59.0;49.0;911.3;913.3;910.8;5;2;1;1.1;0.7;1.6;4.0;2.0;8.0;61.666666666666664;911.7999999999998;4.666666666666667;1.1333333333333335;5
83587;2021-02-04;0;26.5;17;7.2;2021;2;4;-19.93;-43.93;915;58.0;48.0;41.0;913.6;915.1;911.8;2;2;2;1.6;1.6;1.6;0.0;0.0;8.0;49.0;913.5;2.6666666666666665;1.6000000000000003;2
83587;2021-02-05;0;25.2;17.1;3.9;2021;2;5;-19.93;-43.93;915;72.0;71.0;52.0;917.2;917.5;915.6;1;0;0;0.9;2.0;1.6;6.0;10.0;3.0;65.0;916.7666666666668;6.333333333333333;1.5;1
83587;2021-02-06;0;28.6;18.9;8.8;2021;2;6;-19.93;-43.93;915;61.0;60.0;41.0;912.4;915.8;913.5;1;6;6;0.3;1.6;1.6;0.0;0.0;2.0;54.0;913.9;0.6666666666666666;1.1666666666666667;1
83587;2021-02-07;0;22.9;15.3;7.8;2021;2;7;-19.93;-43.93;915;65.0;65.0;54.0;918.1;919.6;919.4;2;1;3;0.3;1.3;2.0;3.0;2.0;4.0;61.333333333333336;919.0333333333333;3.0;1.2;2
83587;2021-02-08;0;23.9;12.7;6.2;2021;2;8;-19.93;-43.93;915;57.0;60.0;34.0;916.5;919.4;916.7;2;1;0;0.5;1.6;0.7;0.0;3.0;5.0;50.333333333333336;917.5333333333334;2.6666666666666665;0.9333333333333332;2
83587;2021-02-09;0;24;13.2;8.6;2021;2;9;-19.93;-43.93;915;66.0;58.0;33.0;921.1;917.7;919.8;2;2;0;1.1;1.1;0.9;0.0;1.0;0.0;52.333333333333336;919.5333333333334;0.3333333333333333;1.0333333333333334;2
83587;2021-02-10;0;32.2;19.6;5.6;2021;2;10;-19.93;-43.93;915;59.0;58.0;87.0;907.7;911.0;908.7;0;1;6;0.3;1.3;1.6;5.0;6.0;10.0;68.0;909.1333333333333;7.0;1.0666666666666667;0
83587;2021-02-11;1.6;23.7;17.4;5.3;2021;2;11;-19.93;-43.93;915;74.0;58.0;59.0;913.9;916.4;914.3;6;1;1;0.8;1.8;2.0;10.0;7.0;8.0;63.666666666666664;914.8666666666667;8.333333333333334;1.5333333333333332;6
83587;2021-02-12;17.3;25.2;18.2;0.6;2021;2;12;-19.93;-43.93;915;94.0;93.0;91.0;910.2;911.0;908.0;7;1;6;1.1;0.8;0.8;10.0;10.0;10.0;92.66666666666667;909.7333333333332;10.0;0.9;7
83587;2021-02-13;0;26.5;20.1;8;2021;2;13;-19.93;-43.93;915;55.0;68.0;76.0;910.3;913.5;912.1;2;1;2;2.1;2.6;2.0;1.0;9.0;10.0;66.33333333333333;911.9666666666667;6.666666666666667;2.2333333333333334;2
83587;2021-02-14;1;27.9;19.7;9.3;2021;2;14;-19.93;-43.93;915;59.0;63.0;47.0;913.3;917.3;915.6;1;2;2;1.1;3.3;1.6;2.0;7.0;9.0;56.333333333333336;915.4;6.0;2.0;1
83587;2021-02-15;0;27.2;20.6;7.4;2021;2;15;-19.93;-43.93;915;58.0;62.0;57.0;915.7;918.5;916.8;2;1;1;1.2;1.6;0.7;7.0;2.0;10.0;59.0;917.0;6.333333333333333;1.1666666666666667;2
83587;2021-02-17;0;30.1;20.9;9;2021;2;17;-19.93;-43.93;915;53.0;58.0;38.0;913.4;915.7;913.0;2;1;0;1.1;1.5;1.1;4.0;7.0;4.0;49.666666666666664;914.0333333333333;5.0;1.2333333333333334;2
83587;2021-02-18;0;30.7;22.3;10.3;2021;2;18;-19.93;-43.93;915;58.0;56.0;38.0;912.6;914.5;912.4;1;1;0;1.1;1.2;1.1;10.0;4.0;7.0;50.666666666666664;913.1666666666666;7.0;1.1333333333333333;1
83587;2021-02-19;0;30.8;21.8;10.9;2021;2;19;-19.93;-43.93;915;63.0;66.0;40.0;913.4;915.9;913.5;1;1;1;0.8;1.2;1.0;0.0;7.0;6.0;56.333333333333336;914.2666666666668;4.333333333333333;1.0;1
83587;2021-02-20;0;30.1;20;10.1;2021;2;20;-19.93;-43.93;915;52.0;55.0;37.0;913.1;916.7;914.4;1;1;1;1.4;2.1;2.1;1.0;4.0;2.0;48.0;914.7333333333335;2.3333333333333335;1.8666666666666665;1
83587;2021-02-21;1.2;28.4;20.3;10.8;2021;2;21;-19.93;-43.93;915;54.0;60.0;45.0;913.5;917.1;914.2;1;2;1;1.1;1.6;3.3;4.0;3.0;4.0;53.0;914.9333333333334;3.6666666666666665;2.0;1
83587;2021-02-22;0;27.9;19.9;7.4;2021;2;22;-19.93;-43.93;915;62.0;65.0;50.0;914.4;915.3;913.7;1;1;0;1.0;2.8;1.6;0.0;8.0;8.0;59.0;914.4666666666666;5.333333333333333;1.8;1
83587;2021-02-23;0;31;20.9;10.4;2021;2;23;-19.93;-43.93;915;62.0;63.0;36.0;913.5;915.5;913.4;1;1;0;2.0;2.8;1.6;1.0;4.0;2.0;53.666666666666664;914.1333333333333;2.3333333333333335;2.1333333333333333;1
83587;2021-02-24;0;30.5;20.6;8.8;2021;2;24;-19.93;-43.93;915;58.0;59.0;40.0;911.2;913.2;911.7;2;1;6;2.0;0.7;0.3;0.0;1.0;5.0;52.333333333333336;912.0333333333334;2.0;1.0;2
83587;2021-02-25;0;29.6;19.6;3.8;2021;2;25;-19.93;-43.93;915;59.0;59.0;45.0;910.4;912.2;910.6;2;0;6;1.6;1.0;1.8;2.0;6.0;9.0;54.333333333333336;911.0666666666666;5.666666666666667;1.4666666666666668;2
83587;2021-02-26;13.4;24.1;19.6;0;2021;2;26;-19.93;-43.93;915;82.0;94.0;74.0;911.5;912.8;912.0;2;1;2;0.5;0.8;1.5;8.0;10.0;10.0;83.33333333333333;912.1;9.333333333333334;0.9333333333333332;2
83587;2021-02-27;23;26.5;18.9;1.1;2021;2;27;-19.93;-43.93;915;93.0;78.0;76.0;912.7;912.7;910.6;2;0;1;0.5;0.7;1.0;9.0;10.0;9.0;82.33333333333333;912.0;9.333333333333334;0.7333333333333334;2
83587;2021-02-28;0.5;26.6;20.2;3.2;2021;2;28;-19.93;-43.93;915;91.0;77.0;75.0;910.8;911.8;909.4;2;7;5;0.5;0.5;0.2;8.0;10.0;9.0;81.0;910.6666666666666;9.0;0.39999999999999997;2
83587;2021-03-01;0;32.3;23.9;7.2;2021;3;1;-19.93;-43.93;915;54.0;59.0;33.0;909.9;912.3;909.7;1;2;7;1.3;0.7;0.7;8.0;2.0;4.0;48.666666666666664;910.6333333333332;4.666666666666667;0.9;1
83587;2021-03-02;6.1;25.9;20.3;2.1;2021;3;2;-19.93;-43.93;915;80.0;79.0;70.0;911.4;913.8;911.9;2;0;0;1.6;1.1;1.5;9.0;10.0;10.0;76.33333333333333;912.3666666666667;9.666666666666666;1.4000000000000001;2
83587;2021-03-03;0;30;22.5;9.3;2021;3;3;-19.93;-43.93;915;72.0;62.0;44.0;912.4;914.9;912.2;7;2;1;1.0;1.6;0.7;4.0;2.0;3.0;59.333333333333336;913.1666666666666;3.0;1.0999999999999999;7
83587;2021-03-04;0;28.9;18.7;7.5;2021;3;4;-19.93;-43.93;915;54.0;54.0;34.0;912.9;914.1;911.5;2;1;0;0.8;1.6;1.1;2.0;0.0;8.0;47.333333333333336;912.8333333333334;3.3333333333333335;1.1666666666666667;2
83587;2021-03-05;0;24.8;17.9;5;2021;3;5;-19.93;-43.93;915;71.0;76.0;49.0;916.0;918.4;916.0;1;1;1;1.8;1.1;0.7;5.0;10.0;2.0;65.33333333333333;916.8000000000001;5.666666666666667;1.2000000000000002;1
83587;2021-03-06;0;26.5;18;9;2021;3;6;-19.93;-43.93;915;52.0;59.0;59.0;916.1;916.7;914.7;8;2;1;0.0;1.8;3.0;0.0;1.0;2.0;56.666666666666664;915.8333333333334;1.0;1.5999999999999999;2
83587;2021-03-07;0;19.7;11.8;9.1;2021;3;7;-19.93;-43.93;915;80.0;53.0;37.0;920.2;924.2;921.3;1;5;2;3.0;2.3;0.8;2.0;2.0;2.0;56.666666666666664;921.9;2.0;2.033333333333333;1
83587;2021-03-08;0;27.9;13.7;9.2;2021;3;8;-19.93;-43.93;915;57.0;50.0;24.0;917.5;916.4;913.0;8;1;7;0.0;1.6;1.6;0.0;0.0;2.0;43.666666666666664;915.6333333333333;0.6666666666666666;1.0666666666666667;1
83587;2021-03-09;0;22.6;13.7;8.2;2021;3;9;-19.93;-43.93;915;47.0;57.0;35.0;920.6;922.5;919.3;6;5;0;1.2;2.0;1.2;0.0;5.0;0.0;46.333333333333336;920.7999999999998;1.6666666666666667;1.4666666666666668;6
83587;2021-03-10;34.6;24.7;19.3;0.8;2021;3;10;-19.93;-43.93;915;74.0;87.0;63.0;911.7;915.5;913.8;6;6;7;1.5;1.0;0.8;9.0;10.0;10.0;74.66666666666667;913.6666666666666;9.666666666666666;1.0999999999999999;6
83587;2021-03-11;0;27.3;17.7;9.1;2021;3;11;-19.93;-43.93;915;70.0;59.0;47.0;914.9;916.2;912.0;1;6;6;2.3;1.6;1.1;3.0;4.0;5.0;58.666666666666664;914.3666666666667;4.0;1.6666666666666667;1
83587;2021-03-12;75.3;25.8;19.4;1.8;2021;3;12;-19.93;-43.93;915;95.0;88.0;79.0;910.3;910.0;908.3;6;8;6;0.8;0.0;0.5;10.0;10.0;9.0;87.33333333333333;909.5333333333333;9.666666666666666;0.43333333333333335;6
83587;2021-03-13;0;31.4;20.9;10;2021;3;13;-19.93;-43.93;915;52.0;51.0;33.0;913.3;912.8;909.9;2;2;7;0.8;1.5;1.1;0.0;0.0;2.0;45.333333333333336;912.0;0.6666666666666666;1.1333333333333333;2
83587;2021-03-14;0;29.6;22;8.7;2021;3;14;-19.93;-43.93;915;46.0;63.0;45.0;909.9;914.2;911.7;2;2;2;1.5;3.0;0.7;0.0;3.0;3.0;51.333333333333336;911.9333333333334;2.0;1.7333333333333334;2
83587;2021-03-15;0;28.8;22;9.4;2021;3;15;-19.93;-43.93;915;52.0;50.0;42.0;912.0;914.4;912.7;3;2;1;1.3;0.7;0.7;2.0;3.0;3.0;48.0;913.0333333333334;2.6666666666666665;0.9;3
83587;2021-03-16;0;28.9;20.7;9.7;2021;3;16;-19.93;-43.93;915;64.0;63.0;43.0;914.3;914.3;911.9;2;2;2;0.8;0.7;0.7;5.0;2.0;3.0;56.666666666666664;913.5;3.3333333333333335;0.7333333333333334;2
83587;2021-03-17;0;30.9;20.4;8.3;2021;3;17;-19.93;-43.93;915;57.0;63.0;39.0;913.2;913.9;910.5;2;2;2;0.8;0.7;0.7;0.0;2.0;2.0;53.0;912.5333333333333;1.3333333333333333;0.7333333333333334;2
83587;2021-03-18;0;31.3;22.4;8.3;2021;3;18;-19.93;-43.93;915;53.0;64.0;39.0;911.5;913.1;910.4;2;1;2;1.6;1.3;1.5;0.0;2.0;6.0;52.0;911.6666666666666;2.6666666666666665;1.4666666666666668;2
83587;2021-03-19;48.2;25.9;19;0.6;2021;3;19;-19.93;-43.93;915;66.0;86.0;65.0;911.5;915.0;913.0;2;0;1;1.8;0.5;1.0;3.0;10.0;10.0;72.33333333333333;913.1666666666666;7.666666666666667;1.0999999999999999;2
83587;2021-03-20;0;25.6;19.8;1.3;2021;3;20;-19.93;-43.93;915;69.0;82.0;69.0;912.9;915.1;912.4;1;2;3;0.7;0.7;0.3;8.0;10.0;10.0;73.33333333333333;913.4666666666667;9.333333333333334;0.5666666666666667;1
83587;2021-03-21;0;29.1;17.8;8.5;2021;3;21;-19.93;-43.93;915;79.0;57.0;41.0;913.6;916.2;914.1;2;2;2;1.6;1.6;1.6;6.0;0.0;3.0;59.0;914.6333333333333;3.0;1.6000000000000003;2
83587;2021-03-23;0;27.7;17.9;8.1;2021;3;23;-19.93;-43.93;915;52.0;64.0;37.0;914.6;915.8;912.3;1;2;2;1.6;0.7;1.5;2.0;1.0;3.0;51.0;914.2333333333332;2.0;1.2666666666666666;1
83587;2021-03-24;0;29.7;19.1;7.8;2021;3;24;-19.93;-43.93;915;48.0;61.0;36.0;913.0;914.1;911.4;3;2;7;1.0;1.6;0.7;6.0;9.0;8.0;48.333333333333336;912.8333333333334;7.666666666666667;1.0999999999999999;3
83587;2021-03-25;0;31.1;20;9;2021;3;25;-19.93;-43.93;915;48.0;47.0;37.0;911.8;912.6;910.8;1;2;5;1.1;0.3;0.8;7.0;0.0;4.0;44.0;911.7333333333332;3.6666666666666665;0.7333333333333334;1
83587;2021-03-26;0;31.5;20.7;8.9;2021;3;26;-19.93;-43.93;915;57.0;61.0;36.0;911.1;912.5;909.1;2;1;5;0.3;1.1;2.0;3.0;0.0;7.0;51.333333333333336;910.9;3.3333333333333335;1.1333333333333335;2
83587;2021-03-27;0;27.8;19.8;4;2021;3;27;-19.93;-43.93;915;61.0;70.0;65.0;910.7;913.6;910.5;1;2;4;0.2;0.7;1.6;8.0;9.0;10.0;65.33333333333333;911.6;9.0;0.8333333333333334;1
83587;2021-03-29;0.8;27.1;17.3;5.7;2021;3;29;-19.93;-43.93;915;71.0;51.0;42.0;912.3;913.3;911.1;1;1;2;1.2;1.6;0.3;2.0;0.0;7.0;54.666666666666664;912.2333333333332;3.0;1.0333333333333332;1
83587;2021-03-30;0;28.5;17;7.4;2021;3;30;-19.93;-43.93;915;57.0;60.0;35.0;910.6;913.1;910.6;2;2;7;1.3;1.6;1.5;3.0;0.0;3.0;50.666666666666664;911.4333333333334;2.0;1.4666666666666668;2
83587;2021-03-31;0;29.2;17.5;8.2;2021;3;31;-19.93;-43.93;915;60.0;52.0;29.0;911.6;913.8;911.4;2;1;6;1.3;1.6;1.6;2.0;0.0;6.0;47.0;912.2666666666668;2.6666666666666665;1.5;2
83587;2021-04-01;0;32.1;23.1;7.7;2021;4;1;-19.93;-43.93;915;56.0;55.0;42.0;909.9;913.5;910.6;1;2;7;2.0;1.5;0.7;7.0;3.0;5.0;51.0;911.3333333333334;5.0;1.4000000000000001;1
83587;2021-04-02;7;29.7;20.5;5;2021;4;2;-19.93;-43.93;915;78.0;74.0;51.0;912.2;912.4;908.8;1;1;7;0.3;1.1;0.8;1.0;10.0;9.0;67.66666666666667;911.1333333333332;6.666666666666667;0.7333333333333334;1
83587;2021-04-03;0;31.6;21;8.5;2021;4;3;-19.93;-43.93;915;62.0;59.0;40.0;912.5;912.6;909.3;2;1;5;1.5;1.1;0.5;3.0;2.0;9.0;53.666666666666664;911.4666666666666;4.666666666666667;1.0333333333333334;2
83587;2021-04-04;0;27.7;19.3;8.7;2021;4;4;-19.93;-43.93;915;55.0;67.0;34.0;912.4;914.8;912.4;2;0;1;0.8;1.6;1.1;6.0;1.0;2.0;52.0;913.1999999999999;3.0;1.1666666666666667;2
83587;2021-04-05;0;25.2;18.1;8.5;2021;4;5;-19.93;-43.93;915;68.0;63.0;50.0;916.1;916.8;913.6;1;1;1;1.5;2.8;0.5;0.0;8.0;7.0;60.333333333333336;915.5;5.0;1.5999999999999999;1
83587;2021-04-07;0;18;9.4;8.2;2021;4;7;-19.93;-43.93;915;53.0;56.0;42.0;921.7;924.6;922.5;2;1;2;0.5;2.3;1.6;0.0;4.0;8.0;50.333333333333336;922.9333333333334;4.0;1.4666666666666668;2
83587;2021-04-08;0;28.2;18;9.2;2021;4;8;-19.93;-43.93;915;44.0;46.0;21.0;913.0;915.1;913.3;8;0;6;0.0;1.1;0.7;6.0;2.0;2.0;37.0;913.7999999999998;3.3333333333333335;0.6;0
83587;2021-04-09;0;22.9;13.3;8.5;2021;4;9;-19.93;-43.93;915;52.0;58.0;40.0;920.5;921.2;918.0;1;2;6;2.1;2.0;1.6;0.0;5.0;2.0;50.0;919.9;2.3333333333333335;1.8999999999999997;1
83587;2021-04-10;0;24.8;18.5;0.2;2021;4;10;-19.93;-43.93;915;74.0;71.0;62.0;915.1;915.8;913.8;6;2;2;1.6;1.6;2.0;10.0;10.0;10.0;69.0;914.9;10.0;1.7333333333333334;6
83587;2021-04-11;0;29;18.4;5.4;2021;4;11;-19.93;-43.93;915;68.0;66.0;42.0;913.3;912.9;909.7;7;0;7;1.6;0.8;1.1;2.0;10.0;10.0;58.666666666666664;911.9666666666666;7.333333333333333;1.1666666666666667;7
83587;2021-04-12;93.2;26.5;20.4;0.4;2021;4;12;-19.93;-43.93;915;94.0;93.0;81.0;908.2;909.4;908.0;5;5;1;1.6;1.6;1.0;10.0;10.0;9.0;89.33333333333333;908.5333333333333;9.666666666666666;1.4000000000000001;5
83587;2021-04-13;10.7;27;19.9;5.7;2021;4;13;-19.93;-43.93;915;75.0;67.0;56.0;912.3;914.7;913.2;1;2;1;1.0;1.5;1.6;0.0;3.0;5.0;66.0;913.4;2.6666666666666665;1.3666666666666665;1
83587;2021-04-14;0;27.4;19.3;5.3;2021;4;14;-19.93;-43.93;915;74.0;71.0;51.0;914.1;915.9;913.6;1;1;1;1.1;1.5;2.0;0.0;6.0;3.0;65.33333333333333;914.5333333333333;3.0;1.5333333333333332;1
83587;2021-04-15;0;27.3;19.8;6.4;2021;4;15;-19.93;-43.93;915;75.0;67.0;52.0;914.6;916.1;913.9;2;1;1;2.0;1.0;1.2;1.0;6.0;8.0;64.66666666666667;914.8666666666667;5.0;1.4000000000000001;2
83587;2021-04-16;0.9;28.5;19.1;7.9;2021;4;16;-19.93;-43.93;915;82.0;69.0;42.0;914.2;915.0;911.9;1;1;7;0.8;0.9;1.1;8.0;3.0;9.0;64.33333333333333;913.6999999999999;6.666666666666667;0.9333333333333335;1
83587;2021-04-17;0;30.8;19.3;8.5;2021;4;17;-19.93;-43.93;915;63.0;59.0;32.0;912.4;913.5;910.1;4;0;7;1.2;1.6;1.6;0.0;0.0;2.0;51.333333333333336;912.0;0.6666666666666666;1.4666666666666668;4
83587;2021-04-18;0;27;20.1;5.7;2021;4;18;-19.93;-43.93;915;52.0;60.0;58.0;911.2;914.3;912.5;2;1;2;0.5;1.6;0.8;6.0;0.0;9.0;56.666666666666664;912.6666666666666;5.0;0.9666666666666668;2
83587;2021-04-19;0;24.5;18.5;4.7;2021;4;19;-19.93;-43.93;915;68.0;73.0;57.0;913.4;916.2;913.3;2;2;1;1.6;1.6;2.0;6.0;10.0;7.0;66.0;914.2999999999998;7.666666666666667;1.7333333333333334;2
83587;2021-04-20;0;25.4;18.1;7.8;2021;4;20;-19.93;-43.93;915;76.0;74.0;52.0;913.6;915.2;911.5;2;0;1;0.5;1.6;0.7;3.0;9.0;4.0;67.33333333333333;913.4333333333334;5.333333333333333;0.9333333333333332;2
83587;2021-04-21;0;26.9;17.5;7.5;2021;4;21;-19.93;-43.93;915;75.0;73.0;50.0;912.9;914.4;912.5;1;0;6;1.2;1.0;0.5;3.0;7.0;8.0;66.0;913.2666666666668;6.0;0.9;1
83587;2021-04-22;0;26.1;19.2;1.9;2021;4;22;-19.93;-43.93;915;68.0;61.0;59.0;912.2;912.7;910.7;1;6;6;0.4;0.5;0.8;0.0;10.0;10.0;62.666666666666664;911.8666666666668;6.666666666666667;0.5666666666666668;1
83587;2021-04-23;0.2;26.6;19.7;5.7;2021;4;23;-19.93;-43.93;915;83.0;66.0;57.0;914.2;915.8;912.7;8;1;0;0.0;0.7;0.8;10.0;7.0;9.0;68.66666666666667;914.2333333333332;8.666666666666666;0.5;1
83587;2021-04-24;0;26;18.5;8.6;2021;4;24;-19.93;-43.93;915;77.0;68.0;58.0;914.6;916.0;913.7;2;2;2;0.8;2.0;1.6;5.0;1.0;4.0;67.66666666666667;914.7666666666668;3.3333333333333335;1.4666666666666668;2
83587;2021-04-25;0;27.2;19.5;8.4;2021;4;25;-19.93;-43.93;915;75.0;68.0;52.0;915.0;914.3;911.7;0;0;0;2.0;1.6;1.6;0.0;0.0;2.0;65.0;913.6666666666666;0.6666666666666666;1.7333333333333334;0
83587;2021-04-26;0;29.9;19;9.1;2021;4;26;-19.93;-43.93;915;74.0;69.0;48.0;912.9;914.1;909.3;2;0;6;1.3;1.6;1.3;0.0;0.0;7.0;63.666666666666664;912.1;2.3333333333333335;1.4000000000000001;2
83587;2021-04-27;8.4;29.5;20.4;7.4;2021;4;27;-19.93;-43.93;915;70.0;83.0;53.0;911.5;914.4;911.5;2;0;7;0.8;1.6;1.5;0.0;7.0;4.0;68.66666666666667;912.4666666666667;3.6666666666666665;1.3;2
83587;2021-04-29;25.5;23.1;19;1.3;2021;4;29;-19.93;-43.93;915;89.0;78.0;71.0;923.5;916.9;914.7;1;2;1;0.9;1.8;2.0;9.0;10.0;10.0;79.33333333333333;918.3666666666668;9.666666666666666;1.5666666666666667;1
83587;2021-04-30;0;24.5;17.6;4.7;2021;4;30;-19.93;-43.93;915;81.0;73.0;69.0;915.7;917.7;915.9;2;1;1;1.5;0.7;1.6;8.0;7.0;8.0;74.33333333333333;916.4333333333334;7.666666666666667;1.2666666666666668;2
83587;2021-05-01;0;32.2;22.2;7.1;2021;5;1;-19.93;-43.93;915;64.0;53.0;46.0;911.8;914.6;912.1;1;0;7;0.4;0.7;1.6;7.0;0.0;6.0;54.333333333333336;912.8333333333334;4.333333333333333;0.9;1
83587;2021-05-02;20.9;26;20.5;1.3;2021;5;2;-19.93;-43.93;915;92.0;91.0;79.0;911.4;913.3;909.5;3;1;1;0.3;0.9;0.4;10.0;10.0;10.0;87.33333333333333;911.4;10.0;0.5333333333333333;3
83587;2021-05-03;0;30.1;22.7;4.6;2021;5;3;-19.93;-43.93;915;57.0;57.0;52.0;909.1;910.6;908.5;1;7;4;0.8;1.0;1.2;3.0;9.0;8.0;55.333333333333336;909.4;6.666666666666667;1.0;1
83587;2021-05-04;0;29.7;19.8;8.2;2021;5;4;-19.93;-43.93;915;58.0;62.0;39.0;913.5;915.7;912.8;0;1;2;1.0;1.6;0.7;0.0;2.0;3.0;53.0;914.0;1.6666666666666667;1.0999999999999999;0
83587;2021-05-05;0;27.2;17.1;9.1;2021;5;5;-19.93;-43.93;915;71.0;71.0;44.0;915.8;916.4;913.6;2;1;1;0.8;1.6;0.8;0.0;3.0;6.0;62.0;915.2666666666665;3.0;1.0666666666666667;2
83587;2021-05-06;0;27.6;19;7.4;2021;5;6;-19.93;-43.93;915;78.0;71.0;42.0;915.8;917.0;914.2;2;0;6;1.0;0.7;0.7;0.0;0.0;5.0;63.666666666666664;915.6666666666666;1.6666666666666667;0.7999999999999999;2
83587;2021-05-08;0;25.6;14.3;6.8;2021;5;8;-19.93;-43.93;915;43.0;50.0;36.0;914.7;916.1;914.0;2;2;2;1.3;2.0;1.6;0.0;0.0;6.0;43.0;914.9333333333334;2.0;1.6333333333333335;2
83587;2021-05-09;0;26.6;14.3;8.6;2021;5;9;-19.93;-43.93;915;51.0;58.0;26.0;919.1;920.2;917.1;6;1;1;0.8;1.5;0.8;0.0;2.0;0.0;45.0;918.8000000000001;0.6666666666666666;1.0333333333333332;6
83587;2021-05-10;0;26.6;18.3;7.5;2021;5;10;-19.93;-43.93;915;79.0;70.0;51.0;914.9;916.4;914.4;4;1;2;1.0;3.3;1.6;10.0;9.0;4.0;66.66666666666667;915.2333333333332;7.666666666666667;1.9666666666666668;4
83587;2021-05-11;0;29;21.2;4.1;2021;5;11;-19.93;-43.93;915;62.0;61.0;51.0;910.5;912.3;910.5;6;6;6;0.8;0.8;0.8;10.0;8.0;10.0;58.0;911.1;9.333333333333334;0.8000000000000002;6
83587;2021-05-12;6.6;29.1;21.2;4.2;2021;5;12;-19.93;-43.93;915;90.0;73.0;55.0;909.2;910.8;909.4;0;8;4;0.7;0.0;0.8;8.0;10.0;10.0;72.66666666666667;909.8000000000001;9.333333333333334;0.5;0
83587;2021-05-13;0;27.1;16.3;8;2021;5;13;-19.93;-43.93;915;59.0;64.0;41.0;915.0;916.0;912.8;0;1;0;0.8;0.8;1.1;0.0;0.0;8.0;54.666666666666664;914.6;2.6666666666666665;0.9;0
83587;2021-05-14;0;28.6;16.6;7.5;2021;5;14;-19.93;-43.93;915;65.0;62.0;41.0;913.8;913.0;909.8;8;6;6;0.0;1.6;1.8;0.0;0.0;9.0;56.0;912.1999999999999;3.0;1.1333333333333335;6
83587;2021-05-16;0;26.7;19.2;1.8;2021;5;16;-19.93;-43.93;915;85.0;83.0;73.0;913.0;912.6;912.2;8;1;5;0.0;1.1;1.3;8.0;8.0;7.0;80.33333333333333;912.6;7.666666666666667;0.8000000000000002;1
83587;2021-05-17;0;22.9;17.9;4.8;2021;5;17;-19.93;-43.93;915;79.0;70.0;67.0;913.3;915.1;912.6;1;1;1;0.9;3.0;1.6;8.0;8.0;3.0;72.0;913.6666666666666;6.333333333333333;1.8333333333333333;1
83587;2021-05-18;0;23.2;17.3;4.8;2021;5;18;-19.93;-43.93;915;82.0;77.0;64.0;913.8;915.3;911.9;1;0;1;1.8;2.0;1.6;9.0;10.0;3.0;74.33333333333333;913.6666666666666;7.333333333333333;1.8;1
83587;2021-05-19;0;20.1;17.4;0;2021;5;19;-19.93;-43.93;915;79.0;78.0;79.0;913.1;913.5;910.5;2;1;1;2.3;1.8;1.5;4.0;10.0;10.0;78.66666666666667;912.3666666666667;8.0;1.8666666666666665;2
83587;2021-05-20;13.9;22;17;0;2021;5;20;-19.93;-43.93;915;82.0;91.0;77.0;910.2;913.1;911.9;1;7;0;1.8;0.7;0.3;8.0;10.0;10.0;83.33333333333333;911.7333333333335;9.333333333333334;0.9333333333333332;1
83587;2021-05-21;0.4;24;18.2;2.6;2021;5;21;-19.93;-43.93;915;84.0;94.0;68.0;913.3;915.0;913.2;0;1;1;1.3;1.5;2.0;6.0;9.0;9.0;82.0;913.8333333333334;8.0;1.5999999999999999;0
83587;2021-05-22;0;26.4;19.1;0.9;2021;5;22;-19.93;-43.93;915;79.0;72.0;64.0;914.2;915.2;912.6;1;1;6;1.6;1.6;1.3;5.0;10.0;10.0;71.66666666666667;914.0;8.333333333333334;1.5;1
83587;2021-05-23;6;27;18.3;7.3;2021;5;23;-19.93;-43.93;915;93.0;74.0;58.0;914.5;916.6;914.6;8;2;1;0.0;1.1;1.1;8.0;6.0;6.0;75.0;915.2333333333332;6.666666666666667;0.7333333333333334;2
83587;2021-05-24;0;25.6;18.3;8.9;2021;5;24;-19.93;-43.93;915;77.0;68.0;52.0;916.2;918.5;916.1;0;1;2;0.8;2.0;2.0;0.0;2.0;2.0;65.66666666666667;916.9333333333334;1.3333333333333333;1.5999999999999999;0
83587;2021-05-25;0;26.1;18.5;8.1;2021;5;25;-19.93;-43.93;915;74.0;74.0;51.0;917.0;918.8;915.7;1;1;1;1.1;1.6;1.6;0.0;8.0;4.0;66.33333333333333;917.1666666666666;4.0;1.4333333333333336;1
83587;2021-05-26;0;24;17.9;8.8;2021;5;26;-19.93;-43.93;915;74.0;71.0;57.0;917.1;917.6;916.0;1;1;1;1.2;1.6;1.6;0.0;2.0;3.0;67.33333333333333;916.9;1.6666666666666667;1.4666666666666668;1
83587;2021-05-27;0;25.3;16.7;9;2021;5;27;-19.93;-43.93;915;73.0;65.0;40.0;915.8;917.8;915.4;2;1;1;1.8;1.1;0.4;0.0;0.0;5.0;59.333333333333336;916.3333333333334;1.6666666666666667;1.1;2
83587;2021-05-28;0;25.7;16.6;8.2;2021;5;28;-19.93;-43.93;915;69.0;66.0;41.0;916.7;918.2;915.8;1;1;1;1.2;1.0;1.1;0.0;2.0;7.0;58.666666666666664;916.9;3.0;1.1;1
83587;2021-05-29;0;26;16.6;8.2;2021;5;29;-19.93;-43.93;915;62.0;64.0;41.0;916.8;918.2;915.4;1;2;0;1.2;1.3;1.1;0.0;2.0;3.0;55.666666666666664;916.8000000000001;1.6666666666666667;1.2;1
83587;2021-05-30;0;26.7;15.3;8.8;2021;5;30;-19.93;-43.93;915;64.0;55.0;35.0;915.8;917.0;913.8;2;0;2;0.7;0.7;0.8;0.0;3.0;5.0;51.333333333333336;915.5333333333333;2.6666666666666665;0.7333333333333334;2
83587;2021-05-31;0;27.1;15.5;9;2021;5;31;-19.93;-43.93;915;64.0;51.0;37.0;915.1;914.9;911.7;8;2;0;0.0;1.5;1.6;3.0;0.0;5.0;50.666666666666664;913.9;2.6666666666666665;1.0333333333333334;2
83587;2021-06-02;56.4;28.2;19.2;6.5;2021;6;2;-19.93;-43.93;915;82.0;88.0;68.0;910.1;910.8;908.4;1;0;6;0.6;1.6;1.3;10.0;10.0;10.0;79.33333333333333;909.7666666666668;10.0;1.1666666666666667;1
83587;2021-06-03;0;32.2;22.2;8.2;2021;6;3;-19.93;-43.93;915;68.0;57.0;40.0;908.8;911.5;909.2;5;2;5;1.0;1.6;0.7;8.0;2.0;2.0;55.0;909.8333333333334;4.0;1.0999999999999999;5
83587;2021-06-04;0;29.1;20.4;6.1;2021;6;4;-19.93;-43.93;915;58.0;61.0;52.0;913.3;915.7;912.1;1;1;6;0.8;0.7;1.6;0.0;3.0;2.0;57.0;913.6999999999999;1.6666666666666667;1.0333333333333334;1
83587;2021-06-05;0;24.2;18.2;1.4;2021;6;5;-19.93;-43.93;915;65.0;69.0;76.0;915.4;914.9;912.9;1;1;4;0.5;0.3;1.1;0.0;7.0;0.0;70.0;914.4;2.3333333333333335;0.6333333333333334;1
83587;2021-06-06;0;29.2;17.9;9;2021;6;6;-19.93;-43.93;915;71.0;60.0;35.0;915.0;915.9;913.8;2;1;0;0.5;1.6;1.6;1.0;1.0;0.0;55.333333333333336;914.9;0.6666666666666666;1.2333333333333334;2
83587;2021-06-07;0;19.9;12.4;4.3;2021;6;7;-19.93;-43.93;915;69.0;70.0;63.0;921.9;921.6;920.3;1;1;1;1.1;1.8;1.3;8.0;9.0;8.0;67.33333333333333;921.2666666666668;8.333333333333334;1.4000000000000001;1
83587;2021-06-08;0;22.9;13.3;8.8;2021;6;8;-19.93;-43.93;915;53.0;59.0;48.0;914.9;918.2;915.3;1;2;1;2.1;2.0;3.0;4.0;1.0;3.0;53.333333333333336;916.1333333333332;2.6666666666666665;2.3666666666666667;1
83587;2021-06-09;0;28.6;15.1;8.8;2021;6;9;-19.93;-43.93;915;43.0;44.0;25.0;918.0;918.5;915.8;2;2;1;0.5;1.6;1.6;0.0;0.0;0.0;37.333333333333336;917.4333333333334;0.0;1.2333333333333334;2
83587;2021-06-10;0;30.8;18.2;10.6;2021;6;10;-19.93;-43.93;915;66.0;56.0;29.0;916.4;918.4;914.9;6;0;2;2.2;1.6;1.3;10.0;0.0;0.0;50.333333333333336;916.5666666666666;3.3333333333333335;1.7000000000000002;6
83587;2021-06-11;0;26.9;20.4;4.2;2021;6;11;-19.93;-43.93;915;61.0;66.0;69.0;911.3;912.6;909.7;8;6;1;0.0;1.0;2.0;10.0;7.0;8.0;65.33333333333333;911.2000000000002;8.333333333333334;1.0;6
83587;2021-06-12;0;27.3;20.9;1.7;2021;6;12;-19.93;-43.93;915;78.0;73.0;59.0;910.8;912.1;910.1;8;1;1;0.0;1.1;1.6;6.0;10.0;8.0;70.0;911.0;8.0;0.9;1
83587;2021-06-13;12.6;25.3;16.7;8.7;2021;6;13;-19.93;-43.93;915;77.0;74.0;55.0;916.2;917.1;915.2;2;1;2;1.6;1.6;0.7;9.0;1.0;1.0;68.66666666666667;916.1666666666666;3.6666666666666665;1.3;2
83587;2021-06-14;0;25.4;18.1;1.4;2021;6;14;-19.93;-43.93;915;68.0;92.0;53.0;916.2;918.5;916.1;2;1;2;1.0;0.7;0.7;0.0;10.0;8.0;71.0;916.9333333333334;6.0;0.7999999999999999;2
83587;2021-06-15;0;24.2;16.6;8.8;2021;6;15;-19.93;-43.93;915;84.0;67.0;52.0;917.0;919.2;917.3;2;1;1;1.0;1.6;0.8;0.0;2.0;9.0;67.66666666666667;917.8333333333334;3.6666666666666665;1.1333333333333335;2
83587;2021-06-16;0;24;15.5;9;2021;6;16;-19.93;-43.93;915;69.0;65.0;48.0;918.0;919.4;916.4;0;1;2;0.8;1.8;1.3;0.0;1.0;3.0;60.666666666666664;917.9333333333334;1.3333333333333333;1.3;0
83587;2021-06-17;0;23.9;15.4;8.4;2021;6;17;-19.93;-43.93;915;70.0;70.0;46.0;916.9;917.3;914.9;1;1;1;0.2;1.0;1.2;0.0;1.0;7.0;62.0;916.3666666666667;2.6666666666666665;0.7999999999999999;1
83587;2021-06-18;0;25.8;15;9.1;2021;6;18;-19.93;-43.93;915;63.0;64.0;40.0;915.4;917.1;914.6;1;1;2;1.1;1.0;0.9;0.0;0.0;7.0;55.666666666666664;915.6999999999999;2.3333333333333335;1.0;1
83587;2021-06-19;0;26.5;15.4;8;2021;6;19;-19.93;-43.93;915;63.0;53.0;29.0;915.5;916.5;914.1;1;0;6;0.8;0.7;0.7;9.0;1.0;4.0;48.333333333333336;915.3666666666667;4.666666666666667;0.7333333333333334;1
83587;2021-06-20;0;24.6;19.1;3.2;2021;6;20;-19.93;-43.93;915;47.0;56.0;37.0;915.3;917.1;915.5;6;2;6;1.1;1.6;1.6;6.0;10.0;8.0;46.666666666666664;915.9666666666667;8.0;1.4333333333333336;6
83587;2021-06-21;0;22.8;16.5;3.9;2021;6;21;-19.93;-43.93;915;64.0;67.0;49.0;917.1;920.4;918.4;1;2;1;1.0;0.7;1.6;10.0;4.0;2.0;60.0;918.6333333333333;5.333333333333333;1.0999999999999999;1
83587;2021-06-22;0;22.5;14.9;8.3;2021;6;22;-19.93;-43.93;915;72.0;67.0;59.0;918.9;920.1;918.8;1;2;2;1.5;1.6;1.6;0.0;2.0;3.0;66.0;919.2666666666668;1.6666666666666667;1.5666666666666667;1
83587;2021-06-23;0;23.1;14.9;9;2021;6;23;-19.93;-43.93;915;69.0;66.0;49.0;918.1;920.7;918.3;1;2;0;1.1;1.6;1.3;0.0;0.0;6.0;61.333333333333336;919.0333333333334;2.0;1.3333333333333333;1
83587;2021-06-24;0;23;15.8;8.7;2021;6;24;-19.93;-43.93;915;63.0;71.0;53.0;919.1;921.3;919.2;2;2;1;0.8;1.6;1.6;0.0;4.0;5.0;62.333333333333336;919.8666666666668;3.0;1.3333333333333333;2
83587;2021-06-25;0;23.1;13.6;9.2;2021;6;25;-19.93;-43.93;915;70.0;67.0;51.0;919.1;921.8;919.0;0;2;1;0.8;1.6;1.6;8.0;0.0;4.0;62.666666666666664;919.9666666666667;4.0;1.3333333333333333;0
83587;2021-06-26;0;22.1;13.9;7;2021;6;26;-19.93;-43.93;915;65.0;72.0;64.0;920.3;919.8;918.1;2;2;1;0.8;1.1;1.6;0.0;8.0;2.0;67.0;919.4;3.3333333333333335;1.1666666666666667;2
83587;2021-06-27;0;22.2;13.5;7.6;2021;6;27;-19.93;-43.93;915;80.0;53.0;61.0;919.4;919.4;918.1;4;2;2;1.6;1.6;1.6;0.0;8.0;7.0;64.66666666666667;918.9666666666667;5.0;1.6000000000000003;4
83587;2021-06-28;0;23.6;16.1;7.9;2021;6;28;-19.93;-43.93;915;73.0;76.0;55.0;918.8;920.7;918.4;1;2;2;1.2;1.6;1.1;4.0;4.0;4.0;68.0;919.3000000000001;4.0;1.3;1
83587;2021-06-29;0;23.5;15.1;9.2;2021;6;29;-19.93;-43.93;915;69.0;62.0;35.0;919.0;920.0;917.2;1;2;1;1.1;1.6;1.6;0.0;4.0;4.0;55.333333333333336;918.7333333333332;2.6666666666666665;1.4333333333333336;1
83587;2021-06-30;0;24.9;14.5;8.8;2021;6;30;-19.93;-43.93;915;64.0;68.0;37.0;917.2;919.9;916.6;2;2;6;1.0;0.7;0.7;0.0;2.0;4.0;56.333333333333336;917.9;2.0;0.7999999999999999;2
83587;2021-07-01;13.3;31.3;22.3;11.4;2021;7;1;-19.93;-43.93;915;62.0;60.0;45.0;912.2;913.7;911.5;8;7;5;0.0;1.0;1.3;4.0;0.0;6.0;55.666666666666664;912.4666666666667;3.3333333333333335;0.7666666666666666;7
83587;2021-07-03;0;31;23.1;5.5;2021;7;3;-19.93;-43.93;915;59.0;59.0;52.0;910.1;913.0;911.0;3;2;3;0.5;0.7;1.3;4.0;2.0;9.0;56.666666666666664;911.3666666666667;5.0;0.8333333333333334;3
83587;2021-07-05;0.5;28;17.5;9.2;2021;7;5;-19.93;-43.93;915;72.0;69.0;40.0;913.8;913.9;910.8;8;1;7;0.0;1.1;1.0;9.0;0.0;7.0;60.333333333333336;912.8333333333334;5.333333333333333;0.7000000000000001;1
83587;2021-07-06;0;30;18.1;9;2021;7;6;-19.93;-43.93;915;57.0;53.0;27.0;914.5;915.8;912.3;2;2;0;1.3;1.6;0.8;0.0;0.0;0.0;45.666666666666664;914.1999999999999;0.0;1.2333333333333334;2
83587;2021-07-07;0;20.2;13.4;2.9;2021;7;7;-19.93;-43.93;915;74.0;71.0;53.0;920.8;921.9;920.3;1;1;1;1.1;1.6;1.5;0.0;6.0;9.0;66.0;921.0;5.0;1.4000000000000001;1
83587;2021-07-08;0;24.7;14.5;9.2;2021;7;8;-19.93;-43.93;915;64.0;60.0;40.0;916.1;918.8;915.3;2;0;6;1.6;1.6;1.6;0.0;0.0;1.0;54.666666666666664;916.7333333333332;0.3333333333333333;1.6000000000000003;2
83587;2021-07-09;0;28.5;17.3;8.7;2021;7;9;-19.93;-43.93;915;47.0;46.0;24.0;916.8;918.5;915.4;6;6;6;0.8;1.6;0.8;0.0;1.0;2.0;39.0;916.9;1.0;1.0666666666666667;6
83587;2021-07-10;0;35.9;19.4;9.5;2021;7;10;-19.93;-43.93;915;47.0;58.0;38.0;914.2;915.5;911.9;2;1;0;2.0;0.9;1.1;0.0;3.0;5.0;47.666666666666664;913.8666666666667;2.6666666666666665;1.3333333333333333;2
83587;2021-07-11;0.8;23.2;17.9;0.5;2021;7;11;-19.93;-43.93;915;76.0;68.0;64.0;911.0;912.6;911.3;1;7;7;3.0;1.6;1.1;8.0;10.0;10.0;69.33333333333333;911.6333333333332;9.333333333333334;1.8999999999999997;1
83587;2021-07-12;0.2;24.5;20.3;0.6;2021;7;12;-19.93;-43.93;915;76.0;77.0;80.0;910.5;910.3;907.2;6;1;0;2.3;2.1;1.3;8.0;10.0;10.0;77.66666666666667;909.3333333333334;9.333333333333334;1.9000000000000001;6
83587;2021-07-13;0;23.7;15.4;8.1;2021;7;13;-19.93;-43.93;915;63.0;70.0;42.0;920.2;920.6;918.8;2;1;1;0.8;1.3;1.0;0.0;8.0;4.0;58.333333333333336;919.8666666666668;4.0;1.0333333333333334;2
83587;2021-07-14;0;22;15;6.3;2021;7;14;-19.93;-43.93;915;64.0;66.0;57.0;919.5;921.8;920.7;1;1;1;0.8;1.8;1.5;0.0;8.0;9.0;62.333333333333336;920.6666666666666;5.666666666666667;1.3666666666666665;1
83587;2021-07-15;0;22.3;14;7;2021;7;15;-19.93;-43.93;915;73.0;55.0;51.0;919.6;920.4;918.5;1;2;4;1.3;1.6;0.8;9.0;2.0;6.0;59.666666666666664;919.5;5.666666666666667;1.2333333333333334;1
83587;2021-07-16;0;24.7;15;8.5;2021;7;16;-19.93;-43.93;915;76.0;67.0;36.0;919.3;920.6;918.0;0;0;1;1.6;1.1;0.5;10.0;7.0;6.0;59.666666666666664;919.3000000000001;7.666666666666667;1.0666666666666667;0
83587;2021-07-17;0;26;14.4;6.7;2021;7;17;-19.93;-43.93;915;57.0;54.0;35.0;919.2;919.4;917.1;8;1;5;0.0;1.1;1.3;0.0;9.0;6.0;48.666666666666664;918.5666666666666;5.0;0.8000000000000002;1
83587;2021-07-18;0;25;16.2;6.2;2021;7;18;-19.93;-43.93;915;66.0;56.0;36.0;918.1;918.7;916.1;1;2;0;0.5;1.1;0.8;0.0;9.0;8.0;52.666666666666664;917.6333333333333;5.666666666666667;0.8000000000000002;1
83587;2021-07-19;0;23;15.2;8.8;2021;7;19;-19.93;-43.93;915;61.0;62.0;36.0;918.3;919.3;917.2;1;1;2;1.6;1.3;0.8;5.0;0.0;8.0;53.0;918.2666666666668;4.333333333333333;1.2333333333333334;1
83587;2021-07-20;0;24.2;15;7.1;2021;7;20;-19.93;-43.93;915;55.0;66.0;39.0;918.1;920.8;917.5;2;1;1;0.8;1.3;1.8;0.0;0.0;9.0;53.333333333333336;918.8000000000001;3.0;1.3;2
83587;2021-07-21;0;25.4;15.8;6.8;2021;7;21;-19.93;-43.93;915;52.0;58.0;37.0;917.9;919.7;915.9;1;1;8;1.1;1.5;0.0;9.0;0.0;7.0;49.0;917.8333333333334;5.333333333333333;0.8666666666666667;1
83587;2021-07-22;0;26.6;15.5;8.2;2021;7;22;-19.93;-43.93;915;55.0;48.0;27.0;917.6;918.2;916.3;1;0;1;0.2;0.1;0.4;7.0;2.0;7.0;43.333333333333336;917.3666666666668;5.333333333333333;0.23333333333333336;1
83587;2021-07-23;0;23.5;16;8.9;2021;7;23;-19.93;-43.93;915;49.0;49.0;23.0;918.0;921.1;919.5;1;1;1;1.0;1.2;1.4;0.0;0.0;2.0;40.333333333333336;919.5333333333333;0.6666666666666666;1.2;1
83587;2021-07-24;0;24;15;8.2;2021;7;24;-19.93;-43.93;915;41.0;53.0;43.0;920.5;923.8;921.3;1;1;1;0.9;1.1;1.5;0.0;8.0;4.0;45.666666666666664;921.8666666666667;4.0;1.1666666666666667;1
83587;2021-07-25;0;23.7;16.2;8.5;2021;7;25;-19.93;-43.93;915;55.0;65.0;36.0;921.4;923.7;920.9;1;1;1;1.1;1.8;0.8;8.0;7.0;4.0;52.0;922.0;6.333333333333333;1.2333333333333334;1
83587;2021-07-26;0;23.7;16;8.9;2021;7;26;-19.93;-43.93;915;50.0;69.0;34.0;921.0;921.1;918.9;2;1;1;0.8;1.1;1.1;6.0;4.0;0.0;51.0;920.3333333333334;3.3333333333333335;1.0;2
83587;2021-07-27;0;22.7;14.6;8.4;2021;7;27;-19.93;-43.93;915;53.0;60.0;43.0;920.2;920.5;919.0;0;1;2;1.6;2.0;1.6;5.0;3.0;6.0;52.0;919.9;4.666666666666667;1.7333333333333334;0
83587;2021-07-28;0;23.8;14;9.2;2021;7;28;-19.93;-43.93;915;57.0;62.0;31.0;920.4;921.7;920.5;2;2;1;0.8;1.1;1.0;4.0;1.0;0.0;50.0;920.8666666666667;1.6666666666666667;0.9666666666666668;2
83587;2021-07-29;0;19.9;14;2.5;2021;7;29;-19.93;-43.93;915;51.0;62.0;62.0;921.1;923.3;922.5;2;2;2;0.8;1.6;0.8;3.0;8.0;10.0;58.333333333333336;922.3000000000001;7.0;1.0666666666666667;2
83587;2021-07-30;0.5;22.2;13.8;7.8;2021;7;30;-19.93;-43.93;915;75.0;68.0;36.0;922.4;923.5;921.6;2;2;1;1.6;0.5;2.0;10.0;8.0;8.0;59.666666666666664;922.5;8.666666666666666;1.3666666666666665;2
83587;2021-07-31;0;21.9;14.4;8.4;2021;7;31;-19.93;-43.93;915;58.0;65.0;38.0;921.2;921.3;917.3;2;1;1;1.6;2.0;1.3;9.0;6.0;1.0;53.666666666666664;919.9333333333334;5.333333333333333;1.6333333333333335;2
83587;2021-08-01;0;31.3;22.3;10.2;2021;8;1;-19.93;-43.93;915;59.0;46.0;41.0;912.3;913.4;910.1;5;7;6;1.2;0.9;0.8;2.0;4.0;8.0;48.666666666666664;911.9333333333333;4.666666666666667;0.9666666666666668;5
83587;2021-08-02;0.7;28.2;21.5;4.2;2021;8;2;-19.93;-43.93;915;77.0;68.0;79.0;909.6;911.6;909.3;2;2;2;1.0;1.1;0.3;4.0;8.0;10.0;74.66666666666667;910.1666666666666;7.333333333333333;0.7999999999999999;2
83587;2021-08-03;0;29.8;20.2;7.8;2021;8;3;-19.93;-43.93;915;68.0;61.0;76.0;912.2;913.8;910.9;2;3;6;0.8;1.6;1.6;9.0;3.0;8.0;68.33333333333333;912.3000000000001;6.666666666666667;1.3333333333333333;2
83587;2021-08-04;2.3;28.4;22.4;4.2;2021;8;4;-19.93;-43.93;915;66.0;63.0;54.0;913.2;914.5;912.2;0;1;2;1.3;0.8;0.8;8.0;6.0;7.0;61.0;913.3000000000001;7.0;0.9666666666666668;0
83587;2021-08-05;0;27.7;16.9;7.9;2021;8;5;-19.93;-43.93;915;66.0;62.0;38.0;912.5;913.7;910.9;1;1;5;1.1;2.0;1.6;8.0;0.0;7.0;55.333333333333336;912.3666666666667;5.0;1.5666666666666667;1
83587;2021-08-06;0;28.4;18.4;8.8;2021;8;6;-19.93;-43.93;915;62.0;59.0;37.0;912.5;915.3;912.4;2;2;0;0.8;1.6;1.6;0.0;0.0;3.0;52.666666666666664;913.4;1.0;1.3333333333333333;2
83587;2021-08-07;0;21.2;13.7;6.3;2021;8;7;-19.93;-43.93;915;73.0;69.0;46.0;920.6;916.9;915.2;0;1;1;1.5;1.0;1.6;5.0;6.0;9.0;62.666666666666664;917.5666666666666;6.666666666666667;1.3666666666666665;0
83587;2021-08-08;0;28.7;14.7;8.9;2021;8;8;-19.93;-43.93;915;56.0;49.0;26.0;915.4;916.8;914.1;1;2;5;0.5;1.5;0.7;0.0;0.0;1.0;43.666666666666664;915.4333333333333;0.3333333333333333;0.9;1
83587;2021-08-09;0;27.1;16.3;8.7;2021;8;9;-19.93;-43.93;915;33.0;63.0;32.0;915.8;917.3;913.9;1;2;1;0.8;2.0;2.8;0.0;5.0;0.0;42.666666666666664;915.6666666666666;1.6666666666666667;1.8666666666666665;1
83587;2021-08-10;0;28.6;19;10.5;2021;8;10;-19.93;-43.93;915;48.0;64.0;39.0;913.8;915.5;912.1;7;7;1;1.2;2.8;1.2;8.0;4.0;5.0;50.333333333333336;913.8000000000001;5.666666666666667;1.7333333333333334;7
83587;2021-08-11;0;23.3;17.3;1.1;2021;8;11;-19.93;-43.93;915;73.0;66.0;64.0;912.5;913.0;910.8;7;7;6;2.3;1.1;0.8;8.0;10.0;10.0;67.66666666666667;912.1;9.333333333333334;1.4000000000000001;7
83587;2021-08-12;14.6;23.7;19.1;0.2;2021;8;12;-19.93;-43.93;915;82.0;96.0;89.0;907.6;907.3;904.3;2;1;4;1.0;0.7;0.5;6.0;10.0;10.0;89.0;906.4;8.666666666666666;0.7333333333333334;2
83587;2021-08-13;0;28.1;16.2;9.2;2021;8;13;-19.93;-43.93;915;59.0;57.0;30.0;915.7;916.2;913.3;3;3;1;1.1;0.3;0.5;0.0;0.0;3.0;48.666666666666664;915.0666666666666;1.0;0.6333333333333334;3
83587;2021-08-14;0;31.4;16.1;9.1;2021;8;14;-19.93;-43.93;915;65.0;51.0;23.0;918.7;915.1;911.4;2;2;4;0.8;1.5;0.5;0.0;1.0;1.0;46.333333333333336;915.0666666666667;0.6666666666666666;0.9333333333333332;2
83587;2021-08-15;0;25.6;19.2;8.9;2021;8;15;-19.93;-43.93;915;51.0;55.0;44.0;913.7;915.3;912.9;1;2;2;0.8;1.2;1.1;2.0;0.0;1.0;50.0;913.9666666666667;1.0;1.0333333333333334;1
83587;2021-08-19;0;27.4;18.1;9.4;2021;8;19;-19.93;-43.93;915;61.0;58.0;38.0;913.8;914.9;911.7;2;2;2;2.0;0.8;1.8;5.0;0.0;2.0;52.333333333333336;913.4666666666666;2.3333333333333335;1.5333333333333332;2
83587;2021-08-20;0;30.8;18;9.3;2021;8;20;-19.93;-43.93;915;62.0;55.0;26.0;913.8;914.1;911.4;2;1;7;1.6;0.8;1.6;0.0;0.0;2.0;47.666666666666664;913.1;0.6666666666666666;1.3333333333333333;2
83587;2021-08-21;0;27.8;16.1;6.6;2021;8;21;-19.93;-43.93;915;48.0;49.0;60.0;912.8;916.5;916.8;8;2;2;0.0;0.7;3.0;2.0;8.0;8.0;52.333333333333336;915.3666666666667;6.0;1.2333333333333334;2
83587;2021-08-22;0;23.4;14.5;7.9;2021;8;22;-19.93;-43.93;915;72.0;60.0;46.0;918.9;920.9;918.2;7;2;2;2.0;3.3;2.8;4.0;6.0;7.0;59.333333333333336;919.3333333333334;5.666666666666667;2.6999999999999997;7
83587;2021-08-25;0;23.5;13.9;9.1;2021;8;25;-19.93;-43.93;915;74.0;57.0;33.0;917.7;919.4;916.6;1;2;2;1.1;3.3;2.8;0.0;2.0;0.0;54.666666666666664;917.9;0.6666666666666666;2.4;1
83587;2021-08-26;0;26.7;13.6;9.1;2021;8;26;-19.93;-43.93;915;52.0;49.0;25.0;917.2;918.2;914.9;2;1;0;2.1;2.3;1.8;0.0;0.0;0.0;42.0;916.7666666666668;0.0;2.066666666666667;2
83587;2021-08-27;0;27;14.8;9;2021;8;27;-19.93;-43.93;915;45.0;49.0;32.0;915.8;915.7;913.1;2;1;1;3.1;1.6;1.5;0.0;0.0;0.0;42.0;914.8666666666667;0.0;2.066666666666667;2
83587;2021-08-28;0;29.6;16.9;8.9;2021;8;28;-19.93;-43.93;915;44.0;41.0;26.0;915.2;916.5;913.0;2;2;0;2.0;2.8;1.5;0.0;0.0;0.0;37.0;914.9;0.0;2.1;2
83587;2021-08-29;0;28.4;17.1;9;2021;8;29;-19.93;-43.93;915;39.0;48.0;26.0;914.7;916.6;913.5;1;2;6;2.0;2.1;0.8;0.0;0.0;0.0;37.666666666666664;914.9333333333334;0.0;1.633333333333333;1
83587;2021-08-30;0;31;16.5;8.9;2021;8;30;-19.93;-43.93;915;37.0;46.0;32.0;915.6;916.8;913.2;2;2;6;0.8;2.0;2.7;0.0;0.0;0.0;38.333333333333336;915.2000000000002;0.0;1.8333333333333333;2
83587;2021-08-31;0;32.1;18.9;8.9;2021;8;31;-19.93;-43.93;915;45.0;41.0;23.0;915.0;916.4;914.1;6;0;2;2.7;1.5;1.6;0.0;0.0;0.0;36.333333333333336;915.1666666666666;0.0;1.9333333333333336;6
83587;2021-09-01;0;31.4;23;6.1;2021;9;1;-19.93;-43.93;915;49.0;57.0;40.0;911.1;912.1;909.5;5;7;7;0.5;0.7;1.1;7.0;4.0;4.0;48.666666666666664;910.9;5.0;0.7666666666666666;5
83587;2021-09-02;3.6;28.7;20.5;8.7;2021;9;2;-19.93;-43.93;915;74.0;64.0;51.0;909.4;912.5;910.2;1;2;2;1.8;1.6;2.6;7.0;3.0;4.0;63.0;910.7000000000002;4.666666666666667;2.0;1
83587;2021-09-03;31.8;27.3;19.9;8;2021;9;3;-19.93;-43.93;915;88.0;73.0;58.0;913.6;913.6;911.1;2;2;2;1.3;1.6;0.7;9.0;10.0;4.0;73.0;912.7666666666668;7.666666666666667;1.2000000000000002;2
83587;2021-09-04;0;28;21.6;3.4;2021;9;4;-19.93;-43.93;915;65.0;72.0;50.0;913.3;914.6;911.9;1;1;1;0.7;1.8;1.6;5.0;8.0;7.0;62.333333333333336;913.2666666666668;6.666666666666667;1.3666666666666665;1
83587;2021-09-05;0;28.5;18.1;9;2021;9;5;-19.93;-43.93;915;60.0;66.0;40.0;911.9;914.5;910.4;1;1;6;1.1;1.6;1.5;0.0;0.0;4.0;55.333333333333336;912.2666666666668;1.3333333333333333;1.4000000000000001;1
83587;2021-09-06;0;29.3;18.3;9;2021;9;6;-19.93;-43.93;915;66.0;56.0;34.0;913.8;914.8;911.3;8;7;5;0.0;1.6;1.5;0.0;0.0;2.0;52.0;913.2999999999998;0.6666666666666666;1.0333333333333334;7
83587;2021-09-07;0;22.6;13.9;8.3;2021;9;7;-19.93;-43.93;915;68.0;68.0;46.0;921.0;922.1;920.0;1;1;1;0.4;1.1;0.9;2.0;4.0;6.0;60.666666666666664;921.0333333333333;4.0;0.7999999999999999;1
83587;2021-09-08;0;30.6;15.3;8.9;2021;9;8;-19.93;-43.93;915;48.0;46.0;22.0;916.5;915.7;912.8;1;6;5;0.9;1.1;1.3;2.0;0.0;0.0;38.666666666666664;915.0;0.6666666666666666;1.0999999999999999;1
83587;2021-09-09;0;27.1;15.6;8.8;2021;9;9;-19.93;-43.93;915;43.0;62.0;28.0;915.6;918.0;915.0;6;1;6;0.5;1.6;1.3;0.0;8.0;0.0;44.333333333333336;916.1999999999999;2.6666666666666665;1.1333333333333335;6
83587;2021-09-10;0;28.6;18.1;10.1;2021;9;10;-19.93;-43.93;915;42.0;59.0;40.0;913.5;915.1;911.9;1;0;0;0.5;1.6;1.6;0.0;4.0;0.0;47.0;913.5;1.3333333333333333;1.2333333333333334;1
83587;2021-09-11;2.2;22.4;17.3;0.4;2021;9;11;-19.93;-43.93;915;76.0;92.0;86.0;913.2;913.1;911.4;6;1;1;0.8;1.3;1.2;10.0;10.0;10.0;84.66666666666667;912.5666666666667;10.0;1.0999999999999999;6
83587;2021-09-13;0;27.5;15.9;8.8;2021;9;13;-19.93;-43.93;915;99.0;55.0;30.0;917.7;919.5;916.7;2;2;2;2.0;1.6;1.6;0.0;2.0;0.0;61.333333333333336;917.9666666666667;0.6666666666666666;1.7333333333333334;2
83587;2021-09-14;0;29.5;16.7;8.8;2021;9;14;-19.93;-43.93;915;45.0;58.0;28.0;917.5;921.1;916.9;1;2;0;2.6;1.3;1.5;0.0;2.0;0.0;43.666666666666664;918.5;0.6666666666666666;1.8;1
83587;2021-09-15;0;30.2;18.1;8.9;2021;9;15;-19.93;-43.93;915;40.0;57.0;22.0;917.6;920.2;915.9;2;1;1;1.3;1.6;1.6;0.0;0.0;0.0;39.666666666666664;917.9000000000001;0.0;1.5;2
83587;2021-09-16;0;27.9;17.2;9.2;2021;9;16;-19.93;-43.93;915;47.0;58.0;28.0;917.2;918.6;915.6;2;1;0;2.0;1.8;0.8;0.0;2.0;0.0;44.333333333333336;917.1333333333333;0.6666666666666666;1.5333333333333332;2
83587;2021-09-17;0;27.3;16.6;9.4;2021;9;17;-19.93;-43.93;915;48.0;60.0;33.0;917.4;918.8;915.5;2;1;1;2.0;2.0;1.8;0.0;2.0;1.0;47.0;917.2333333333332;1.0;1.9333333333333333;2
83587;2021-09-18;0;26.5;17.1;9.2;2021;9;18;-19.93;-43.93;915;48.0;57.0;34.0;916.8;919.8;915.9;2;0;6;2.5;3.0;1.6;0.0;3.0;0.0;46.333333333333336;917.5;1.0;2.3666666666666667;2
83587;2021-09-19;0;26.8;17.1;9.7;2021;9;19;-19.93;-43.93;915;46.0;56.0;34.0;917.8;919.8;916.5;6;2;2;0.8;1.6;1.3;0.0;4.0;4.0;45.333333333333336;918.0333333333333;2.6666666666666665;1.2333333333333334;6
83587;2021-09-20;0;26.9;16.9;9.2;2021;9;20;-19.93;-43.93;915;53.0;61.0;30.0;917.8;919.9;916.5;7;2;1;1.6;1.6;1.8;0.0;4.0;4.0;48.0;918.0666666666666;2.6666666666666665;1.6666666666666667;7
83587;2021-09-21;0;27.2;16.2;10.2;2021;9;21;-19.93;-43.93;915;38.0;53.0;30.0;918.8;920.2;916.7;7;2;2;0.8;1.6;1.6;0.0;4.0;4.0;40.333333333333336;918.5666666666666;2.6666666666666665;1.3333333333333333;7
83587;2021-09-22;0;26.5;16.2;5.8;2021;9;22;-19.93;-43.93;915;42.0;59.0;29.0;917.6;919.3;915.6;6;2;0;1.1;1.6;1.6;0.0;8.0;9.0;43.333333333333336;917.5;5.666666666666667;1.4333333333333336;6
83587;2021-09-23;0;27.2;16.6;4.8;2021;9;23;-19.93;-43.93;915;48.0;61.0;34.0;918.0;918.9;915.6;7;2;2;1.5;1.6;0.8;6.0;9.0;8.0;47.666666666666664;917.5;7.666666666666667;1.3;7
83587;2021-09-24;0;27.9;17.4;8.6;2021;9;24;-19.93;-43.93;915;51.0;55.0;25.0;918.0;919.1;915.5;2;2;2;0.8;0.8;1.6;0.0;4.0;9.0;43.666666666666664;917.5333333333333;4.333333333333333;1.0666666666666667;2
83587;2021-09-25;0;26.1;17.5;6.4;2021;9;25;-19.93;-43.93;915;42.0;62.0;24.0;915.6;918.6;915.6;6;2;0;0.8;1.6;3.0;0.0;8.0;8.0;42.666666666666664;916.6;5.333333333333333;1.8;6
83587;2021-09-26;0;26.9;16.5;9.1;2021;9;26;-19.93;-43.93;915;47.0;60.0;33.0;916.0;917.5;913.3;2;7;0;1.0;3.5;1.1;2.0;8.0;3.0;46.666666666666664;915.6;4.333333333333333;1.8666666666666665;2
83587;2021-09-27;0;28.1;17.5;6.1;2021;9;27;-19.93;-43.93;915;50.0;66.0;36.0;914.5;916.0;914.0;1;2;6;1.0;2.8;1.6;3.0;3.0;6.0;50.666666666666664;914.8333333333334;4.0;1.8;1
83587;2021-09-28;0;32.6;18.3;9.1;2021;9;28;-19.93;-43.93;915;56.0;49.0;25.0;913.6;915.8;912.2;2;0;0;0.8;1.6;2.1;2.0;0.0;4.0;43.333333333333336;913.8666666666668;2.0;1.5;2
83587;2021-09-29;39.1;30.7;18;10;2021;9;29;-19.93;-43.93;915;52.0;53.0;33.0;913.5;915.4;911.5;2;6;7;1.6;3.0;1.6;7.0;0.0;2.0;46.0;913.4666666666667;3.0;2.0666666666666664;2
83587;2021-09-30;7.5;24.6;17;0;2021;9;30;-19.93;-43.93;915;49.0;91.0;92.0;912.0;912.6;910.1;2;1;5;3.0;1.0;2.3;1.0;10.0;10.0;77.33333333333333;911.5666666666666;7.0;2.1;2
83587;2021-10-01;0;31.2;22.3;4.6;2021;10;1;-19.93;-43.93;915;54.0;51.0;70.0;909.9;910.3;908.5;8;0;4;0.0;0.7;2.8;3.0;0.0;10.0;58.333333333333336;909.5666666666666;4.333333333333333;1.1666666666666667;0
83587;2021-10-02;0;26.5;20.7;6.6;2021;10;2;-19.93;-43.93;915;68.0;65.0;62.0;910.3;913.1;911.3;1;2;2;0.9;3.0;1.1;5.0;10.0;9.0;65.0;911.5666666666666;8.0;1.6666666666666667;1
83587;2021-10-03;0;29.8;20.9;9.3;2021;10;3;-19.93;-43.93;915;71.0;65.0;47.0;911.8;914.5;912.0;2;2;2;1.1;2.0;1.6;10.0;2.0;2.0;61.0;912.7666666666668;4.666666666666667;1.5666666666666667;2
83587;2021-10-04;0;26.8;20.9;2.9;2021;10;4;-19.93;-43.93;915;65.0;68.0;57.0;913.3;914.3;912.4;2;2;1;1.3;1.6;1.6;2.0;9.0;10.0;63.333333333333336;913.3333333333334;7.0;1.5;2
83587;2021-10-06;0;27.8;17.4;8.9;2021;10;6;-19.93;-43.93;915;52.0;47.0;30.0;912.4;914.8;911.8;6;8;5;0.5;0.0;0.8;2.0;6.0;6.0;43.0;913.0;4.666666666666667;0.43333333333333335;6
83587;2021-10-07;0;20.7;14.8;7.7;2021;10;7;-19.93;-43.93;915;70.0;70.0;56.0;920.5;921.3;919.0;1;1;1;0.8;1.3;1.1;0.0;8.0;6.0;65.33333333333333;920.2666666666668;4.666666666666667;1.0666666666666667;1
83587;2021-10-08;0;31.9;17.9;9.2;2021;10;8;-19.93;-43.93;915;39.0;41.0;22.0;913.5;914.7;912.6;4;8;4;0.8;0.0;2.0;0.0;0.0;2.0;34.0;913.6;0.6666666666666666;0.9333333333333332;4
83587;2021-10-09;0;27;17.2;8.5;2021;10;9;-19.93;-43.93;915;41.0;59.0;35.0;916.9;918.9;914.6;1;1;2;1.6;1.6;1.3;0.0;5.0;7.0;45.0;916.8000000000001;4.0;1.5;1
83587;2021-10-10;0;31.8;20.4;10.4;2021;10;10;-19.93;-43.93;915;52.0;51.0;29.0;912.7;914.2;911.0;2;2;0;1.6;1.6;0.8;0.0;0.0;2.0;44.0;912.6333333333333;0.6666666666666666;1.3333333333333333;2
83587;2021-10-11;0.1;23.2;17.9;0;2021;10;11;-19.93;-43.93;915;81.0;77.0;71.0;911.3;912.2;909.2;2;7;6;1.6;1.1;1.1;9.0;10.0;10.0;76.33333333333333;910.9;9.666666666666666;1.2666666666666668;2
83587;2021-10-13;0;30.8;21.2;10.8;2021;10;13;-19.93;-43.93;915;34.0;54.0;24.0;912.0;915.2;910.9;7;2;6;0.8;1.5;1.5;0.0;1.0;0.0;37.333333333333336;912.6999999999999;0.3333333333333333;1.2666666666666666;7
83587;2021-10-14;0;33.8;20.6;10.8;2021;10;14;-19.93;-43.93;915;41.0;38.0;18.0;911.5;913.3;910.0;7;1;6;1.1;1.3;0.8;0.0;0.0;0.0;32.333333333333336;911.6;0.0;1.0666666666666667;7
83587;2021-10-15;0;32.6;23.2;;2021;10;15;-19.93;-43.93;915;37.0;41.0;35.0;911.0;914.2;912.2;6;6;6;0.8;1.6;1.6;4.0;0.0;9.0;37.666666666666664;912.4666666666667;4.333333333333333;1.3333333333333333;6
83587;2021-10-16;3;27.3;20.3;4.7;2021;10;16;-19.93;-43.93;915;56.0;67.0;50.0;915.0;917.5;915.4;6;2;1;1.6;3.3;2.3;0.0;10.0;10.0;57.666666666666664;915.9666666666667;6.666666666666667;2.4;6
83587;2021-10-17;0;28.8;19.8;10.5;2021;10;17;-19.93;-43.93;915;58.0;55.0;37.0;916.4;918.7;915.8;1;1;6;1.8;2.0;2.0;7.0;2.0;4.0;50.0;916.9666666666666;4.333333333333333;1.9333333333333333;1
83587;2021-10-18;0;28.8;17.5;10.7;2021;10;18;-19.93;-43.93;915;68.0;52.0;26.0;917.4;918.3;914.4;1;6;2;2.6;2.3;1.1;3.0;0.0;2.0;48.666666666666664;916.6999999999999;1.6666666666666667;2.0;1
83587;2021-10-19;0;31;17.5;11.1;2021;10;19;-19.93;-43.93;915;45.0;55.0;21.0;916.4;915.7;913.4;2;1;7;1.6;1.6;1.6;0.0;0.0;4.0;40.333333333333336;915.1666666666666;1.3333333333333333;1.6000000000000003;2
83587;2021-10-20;0;32.7;19.7;10.2;2021;10;20;-19.93;-43.93;915;39.0;38.0;20.0;914.3;914.3;911.4;2;1;1;0.8;2.0;1.6;0.0;0.0;4.0;32.333333333333336;913.3333333333334;1.3333333333333333;1.4666666666666668;2
83587;2021-10-21;0;34.4;22.3;7.8;2021;10;21;-19.93;-43.93;915;23.0;46.0;23.0;912.5;914.3;910.8;1;3;1;1.2;2.0;1.6;2.0;4.0;7.0;30.666666666666668;912.5333333333333;4.333333333333333;1.6000000000000003;1
83587;2021-10-22;5.4;34.4;20.8;5.1;2021;10;22;-19.93;-43.93;915;46.0;56.0;22.0;912.9;913.5;909.9;2;2;6;0.7;0.5;1.6;9.0;9.0;8.0;41.333333333333336;912.1;8.666666666666666;0.9333333333333332;2
83587;2021-10-23;0;30.1;19.6;2.5;2021;10;23;-19.93;-43.93;915;47.0;56.0;54.0;911.9;914.9;912.1;2;2;7;1.3;0.7;2.0;8.0;4.0;10.0;52.333333333333336;912.9666666666667;7.333333333333333;1.3333333333333333;2
83587;2021-10-24;38.2;27.1;19.7;1.9;2021;10;24;-19.93;-43.93;915;58.0;67.0;46.0;913.4;915.0;913.4;6;1;0;1.6;2.6;2.0;10.0;10.0;6.0;57.0;913.9333333333334;8.666666666666666;2.066666666666667;6
83587;2021-10-25;0;28.4;19.5;9.2;2021;10;25;-19.93;-43.93;915;59.0;65.0;39.0;914.4;915.3;912.3;2;0;7;2.0;1.5;1.6;7.0;7.0;7.0;54.333333333333336;914.0;7.0;1.7;2
83587;2021-10-26;0;31.4;19.8;9.5;2021;10;26;-19.93;-43.93;915;50.0;55.0;35.0;912.6;912.8;909.1;1;1;1;2.0;2.0;0.5;2.0;0.0;5.0;46.666666666666664;911.5;2.3333333333333335;1.5;1
83587;2021-10-27;0;33.2;20.7;4.1;2021;10;27;-19.93;-43.93;915;55.0;45.0;34.0;910.5;912.0;908.0;6;0;7;0.8;1.6;1.6;10.0;2.0;10.0;44.666666666666664;910.1666666666666;7.333333333333333;1.3333333333333333;6
83587;2021-10-28;0;27.1;18;5.3;2021;10;28;-19.93;-43.93;915;49.0;83.0;60.0;910.4;912.4;909.2;6;5;7;0.8;2.0;1.0;9.0;10.0;8.0;64.0;910.6666666666666;9.0;1.2666666666666666;6
83587;2021-10-29;31.4;30.3;19;6.3;2021;10;29;-19.93;-43.93;915;69.0;59.0;58.0;910.8;912.4;909.3;1;7;5;0.3;0.8;1.2;10.0;10.0;8.0;62.0;910.8333333333334;9.333333333333334;0.7666666666666666;1
83587;2021-10-30;0.6;26.6;20;3.3;2021;10;30;-19.93;-43.93;915;65.0;60.0;50.0;909.9;910.8;907.5;1;7;7;1.0;1.6;1.6;6.0;10.0;2.0;58.333333333333336;909.4;6.0;1.4000000000000001;1
83587;2021-10-31;13;29.5;19.4;6.3;2021;10;31;-19.93;-43.93;915;70.0;72.0;53.0;908.0;909.3;906.2;1;7;7;1.3;1.6;1.6;7.0;10.0;4.0;65.0;907.8333333333334;7.0;1.5;1
83587;2021-11-01;10.8;32;21.8;5.1;2021;11;1;-19.93;-43.93;915;80.0;58.0;62.0;910.2;911.3;908.6;4;0;1;0.5;0.7;1.1;10.0;10.0;10.0;66.66666666666667;910.0333333333333;10.0;0.7666666666666666;4
83587;2021-11-02;0;28.1;20.8;3.1;2021;11;2;-19.93;-43.93;915;70.0;68.0;49.0;911.7;912.4;910.4;2;3;1;1.1;2.0;1.3;1.0;8.0;6.0;62.333333333333336;911.5;5.0;1.4666666666666668;2
83587;2021-11-03;0;30;21.1;9.5;2021;11;3;-19.93;-43.93;915;67.0;66.0;40.0;912.7;914.5;912.3;2;2;1;1.3;0.8;0.7;10.0;8.0;5.0;57.666666666666664;913.1666666666666;7.666666666666667;0.9333333333333332;2
83587;2021-11-04;0;29.6;19.9;6.7;2021;11;4;-19.93;-43.93;915;71.0;64.0;46.0;913.6;914.5;910.8;8;0;5;0.0;1.6;1.5;0.0;3.0;7.0;60.333333333333336;912.9666666666666;3.3333333333333335;1.0333333333333334;0
83587;2021-11-05;0;26.5;18;5.9;2021;11;5;-19.93;-43.93;915;60.0;60.0;52.0;913.0;915.4;913.1;2;2;1;1.3;1.6;0.7;0.0;1.0;5.0;57.333333333333336;913.8333333333334;2.0;1.2000000000000002;2
83587;2021-11-06;0;26.2;17.4;7.7;2021;11;6;-19.93;-43.93;915;46.0;68.0;57.0;914.6;915.9;915.2;6;2;1;0.5;0.8;1.6;4.0;3.0;8.0;57.0;915.2333333333332;5.0;0.9666666666666668;6
83587;2021-11-07;0;23.3;15;8.9;2021;11;7;-19.93;-43.93;915;62.0;65.0;48.0;920.1;920.5;918.1;2;1;1;1.0;1.3;1.6;4.0;0.0;0.0;58.333333333333336;919.5666666666666;1.3333333333333333;1.3;2
83587;2021-11-08;0;26;16.9;8.8;2021;11;8;-19.93;-43.93;915;35.0;63.0;45.0;912.3;916.2;914.0;2;2;6;1.0;0.7;1.6;0.0;0.0;0.0;47.666666666666664;914.1666666666666;0.0;1.0999999999999999;2
83587;2021-11-09;0;27.7;17.9;8.8;2021;11;9;-19.93;-43.93;915;55.0;60.0;29.0;918.0;919.4;945.8;1;2;6;0.8;2.0;2.0;0.0;2.0;0.0;48.0;927.7333333333332;0.6666666666666666;1.5999999999999999;1
83587;2021-11-10;0;32.2;21.2;10.6;2021;11;10;-19.93;-43.93;915;40.0;43.0;29.0;912.2;912.3;910.4;0;2;1;1.6;1.6;1.6;0.0;0.0;0.0;37.333333333333336;911.6333333333333;0.0;1.6000000000000003;0
83587;2021-11-11;22.4;23.7;18.4;0.2;2021;11;11;-19.93;-43.93;915;80.0;95.0;74.0;909.6;908.1;905.4;2;6;7;1.6;0.8;1.5;10.0;10.0;10.0;83.0;907.6999999999999;10.0;1.3;2
83587;2021-11-12;0;24.9;20.8;0;2021;11;12;-19.93;-43.93;915;70.0;82.0;80.0;904.8;906.0;905.7;1;6;1;0.7;1.8;1.6;2.0;10.0;9.0;77.33333333333333;905.5;7.0;1.3666666666666665;1
83587;2021-11-13;0;32;19.4;11.6;2021;11;13;-19.93;-43.93;915;53.0;29.0;20.0;906.8;909.0;907.9;4;6;5;0.5;0.8;1.6;2.0;0.0;2.0;34.0;907.9;1.3333333333333333;0.9666666666666668;4
83587;2021-11-14;0;30.5;19.9;10.4;2021;11;14;-19.93;-43.93;915;49.0;53.0;38.0;908.4;912.7;910.1;8;1;2;0.0;1.3;1.0;0.0;0.0;2.0;46.666666666666664;910.4;0.6666666666666666;0.7666666666666666;1
83587;2021-11-15;0;30;19.8;10.4;2021;11;15;-19.93;-43.93;915;55.0;60.0;40.0;912.0;913.8;911.3;2;1;1;2.0;2.0;0.8;0.0;4.0;6.0;51.666666666666664;912.3666666666667;3.3333333333333335;1.5999999999999999;2
83587;2021-11-17;0;32.4;20.2;10.8;2021;11;17;-19.93;-43.93;915;56.0;51.0;26.0;910.9;911.6;908.0;2;2;5;1.1;1.3;2.6;0.0;1.0;5.0;44.333333333333336;910.1666666666666;2.0;1.6666666666666667;2
83587;2021-11-21;3.8;25.6;19.9;0.5;2021;11;21;-19.93;-43.93;915;85.0;88.0;86.0;910.8;912.5;909.7;5;2;3;1.3;0.7;0.3;8.0;10.0;10.0;86.33333333333333;911.0;9.333333333333334;0.7666666666666666;5
83587;2021-11-22;17.4;23.3;19.8;0;2021;11;22;-19.93;-43.93;915;83.0;79.0;93.0;909.9;910.0;908.7;7;5;6;0.3;2.0;3.1;10.0;10.0;10.0;85.0;909.5333333333334;10.0;1.8;7
83587;2021-11-23;23.8;24.5;19.5;0;2021;11;23;-19.93;-43.93;915;92.0;91.0;70.0;908.9;912.3;910.3;6;5;5;0.5;0.7;0.7;10.0;10.0;10.0;84.33333333333333;910.5;10.0;0.6333333333333333;6
83587;2021-11-24;6.3;24.1;18.5;0.4;2021;11;24;-19.93;-43.93;915;82.0;79.0;69.0;911.7;914.0;913.1;5;2;1;1.1;2.0;1.8;8.0;10.0;8.0;76.66666666666667;912.9333333333334;8.666666666666666;1.6333333333333335;5
83587;2021-11-25;0;27.5;18.8;3;2021;11;25;-19.93;-43.93;915;78.0;68.0;57.0;914.4;915.0;911.8;2;1;1;1.5;1.6;2.5;7.0;8.0;4.0;67.66666666666667;913.7333333333332;6.333333333333333;1.8666666666666665;2
83587;2021-11-26;0.3;27.3;20;2.6;2021;11;26;-19.93;-43.93;915;67.0;74.0;52.0;912.2;913.7;910.8;2;2;5;1.3;0.3;1.3;6.0;10.0;9.0;64.33333333333333;912.2333333333332;8.333333333333334;0.9666666666666668;2
83587;2021-11-27;0.2;28.8;20.7;0.9;2021;11;27;-19.93;-43.93;915;71.0;61.0;55.0;911.6;913.9;911.7;4;7;6;0.7;0.7;1.5;6.0;10.0;10.0;62.333333333333336;912.4;8.666666666666666;0.9666666666666667;4
83587;2021-11-28;0.2;29.4;20;8.1;2021;11;28;-19.93;-43.93;915;69.0;55.0;59.0;913.5;912.9;910.5;4;1;1;1.6;1.0;1.6;10.0;4.0;7.0;61.0;912.3000000000001;7.0;1.4000000000000001;4
83587;2021-11-29;4.7;28.9;20;8.9;2021;11;29;-19.93;-43.93;915;82.0;64.0;47.0;911.5;912.5;908.6;2;2;1;1.0;1.6;1.5;5.0;4.0;8.0;64.33333333333333;910.8666666666667;5.666666666666667;1.3666666666666665;2
83587;2021-11-30;1;27.9;19.6;4.8;2021;11;30;-19.93;-43.93;915;75.0;65.0;54.0;909.2;910.0;906.5;3;1;6;1.1;0.8;1.1;2.0;8.0;10.0;64.66666666666667;908.5666666666666;6.666666666666667;1.0;3
83587;2021-12-01;4.1;32.5;21.6;7.7;2021;12;1;-19.93;-43.93;915;80.0;65.0;45.0;909.1;912.2;909.4;5;0;7;0.5;1.5;1.6;10.0;10.0;4.0;63.333333333333336;910.2333333333335;8.0;1.2;5
83587;2021-12-02;0;27.6;20.9;8.7;2021;12;2;-19.93;-43.93;915;59.0;61.0;48.0;910.5;912.4;910.2;2;2;1;2.3;3.5;2.0;2.0;7.0;6.0;56.0;911.0333333333334;5.0;2.6;2
83587;2021-12-03;0;28.9;21.2;10.3;2021;12;3;-19.93;-43.93;915;57.0;64.0;39.0;913.3;914.4;912.4;2;3;2;1.6;1.5;1.6;0.0;5.0;4.0;53.333333333333336;913.3666666666667;3.0;1.5666666666666667;2
83587;2021-12-04;0;29.7;21.1;5.8;2021;12;4;-19.93;-43.93;915;65.0;64.0;71.0;912.3;913.5;910.8;8;0;0;0.0;0.7;1.6;0.0;2.0;6.0;66.66666666666667;912.1999999999999;2.6666666666666665;0.7666666666666666;0
83587;2021-12-05;0;26;15.5;8.4;2021;12;5;-19.93;-43.93;915;64.0;61.0;44.0;914.0;915.8;914.4;1;1;6;1.5;0.7;0.7;1.0;0.0;5.0;56.333333333333336;914.7333333333332;2.0;0.9666666666666668;1
83587;2021-12-06;7.2;25.5;18.1;8.3;2021;12;6;-19.93;-43.93;915;75.0;74.0;62.0;915.8;915.7;914.1;2;1;2;1.6;1.1;0.7;0.0;2.0;3.0;70.33333333333333;915.1999999999999;1.6666666666666667;1.1333333333333335;2
83587;2021-12-07;0;24.6;15.6;9;2021;12;7;-19.93;-43.93;915;67.0;66.0;43.0;920.4;921.6;919.6;2;1;1;0.8;1.5;1.1;0.0;0.0;3.0;58.666666666666664;920.5333333333333;1.0;1.1333333333333333;2
83587;2021-12-08;0;26.4;16.3;9.2;2021;12;8;-19.93;-43.93;915;68.0;63.0;41.0;915.2;916.4;914.9;1;3;3;1.6;1.1;0.3;0.0;2.0;0.0;57.333333333333336;915.5;0.6666666666666666;1.0;1
83587;2021-12-09;0;27.9;16.3;8.8;2021;12;9;-19.93;-43.93;915;45.0;99.0;100.0;917.4;919.6;916.3;2;1;2;2.0;2.0;1.8;0.0;0.0;0.0;81.33333333333333;917.7666666666668;0.0;1.9333333333333333;2
83587;2021-12-10;0;32.8;21.3;10.7;2021;12;10;-19.93;-43.93;915;43.0;41.0;25.0;912.2;913.8;914.8;7;1;6;0.8;0.9;1.0;0.0;0.0;0.0;36.333333333333336;913.6;0.0;0.9;7
83587;2021-12-11;49;29.4;18.2;6.5;2021;12;11;-19.93;-43.93;915;86.0;90.0;43.0;907.3;907.2;904.9;0;7;5;1.0;1.6;3.0;9.0;10.0;6.0;73.0;906.4666666666667;8.333333333333334;1.8666666666666665;0
83587;2021-12-12;4.4;27.4;19.4;3;2021;12;12;-19.93;-43.93;915;83.0;71.0;54.0;907.6;912.0;910.4;0;2;2;1.6;0.8;0.8;6.0;10.0;10.0;69.33333333333333;910.0;8.666666666666666;1.0666666666666667;0
83587;2021-12-13;0;24.8;19.1;4.2;2021;12;13;-19.93;-43.93;915;64.0;57.0;60.0;912.6;914.4;913.9;2;2;5;1.6;2.0;1.6;4.0;3.0;10.0;60.333333333333336;913.6333333333333;5.666666666666667;1.7333333333333334;2
83587;2021-12-14;0.7;25.1;18.9;1.4;2021;12;14;-19.93;-43.93;915;87.0;70.0;62.0;914.8;914.8;912.9;1;1;0;0.7;2.0;2.1;1.0;10.0;7.0;73.0;914.1666666666666;6.0;1.6000000000000003;1
83587;2021-12-15;0;27.1;19;6.8;2021;12;15;-19.93;-43.93;915;78.0;66.0;68.0;913.0;913.9;911.8;2;0;2;1.6;0.8;1.6;8.0;10.0;9.0;70.66666666666667;912.9;9.0;1.3333333333333333;2
83587;2021-12-16;0.8;27.1;19.6;2.5;2021;12;16;-19.93;-43.93;915;75.0;74.0;78.0;911.6;913.2;911.0;2;1;2;0.8;1.0;0.7;4.0;8.0;10.0;75.66666666666667;911.9333333333334;7.333333333333333;0.8333333333333334;2
83587;2021-12-17;6.5;28.4;20.2;7.3;2021;12;17;-19.93;-43.93;915;89.0;65.0;52.0;912.9;914.2;912.9;2;1;2;0.5;2.1;1.6;10.0;6.0;8.0;68.66666666666667;913.3333333333334;8.0;1.4000000000000001;2
83587;2021-12-18;0;31.1;19.9;10;2021;12;18;-19.93;-43.93;915;65.0;54.0;37.0;913.5;914.4;912.4;1;0;5;2.3;1.6;1.3;2.0;2.0;3.0;52.0;913.4333333333334;2.3333333333333335;1.7333333333333334;1
83587;2021-12-19;0;29.4;20.3;9.4;2021;12;19;-19.93;-43.93;915;62.0;63.0;38.0;914.5;915.6;913.2;7;1;1;1.6;1.6;0.8;0.0;6.0;5.0;54.333333333333336;914.4333333333334;3.6666666666666665;1.3333333333333333;7
83587;2021-12-20;0;30.6;20.2;9.6;2021;12;20;-19.93;-43.93;915;51.0;52.0;39.0;913.3;913.4;911.0;2;1;1;0.8;1.6;0.8;0.0;3.0;7.0;47.333333333333336;912.5666666666666;3.3333333333333335;1.0666666666666667;2
83587;2021-12-21;0;29.7;21.1;8.2;2021;12;21;-19.93;-43.93;915;61.0;61.0;48.0;910.1;912.8;910.3;2;1;7;0.8;2.0;2.8;0.0;7.0;8.0;56.666666666666664;911.0666666666666;5.0;1.8666666666666665;2
83587;2021-12-22;0;29.4;21.2;3.1;2021;12;22;-19.93;-43.93;915;58.0;63.0;39.0;912.1;912.4;911.3;1;2;5;2.0;1.6;1.8;0.0;10.0;9.0;53.333333333333336;911.9333333333334;6.333333333333333;1.8;1
83587;2021-12-23;0.1;31.8;21;10.5;2021;12;23;-19.93;-43.93;915;64.0;61.0;36.0;911.4;914.0;911.0;2;1;4;0.8;1.6;0.8;0.0;5.0;5.0;53.666666666666664;912.1333333333333;3.3333333333333335;1.0666666666666667;2
83587;2021-12-24;0;32.2;21.6;8.7;2021;12;24;-19.93;-43.93;915;51.0;58.0;41.0;910.1;911.6;908.9;2;1;5;1.1;0.8;1.6;0.0;2.0;8.0;50.0;910.1999999999999;3.3333333333333335;1.1666666666666667;2
83587;2021-12-25;0;29.7;22.7;9.4;2021;12;25;-19.93;-43.93;915;53.0;52.0;46.0;909.0;910.5;908.4;2;0;7;0.8;1.6;1.6;7.0;2.0;10.0;50.333333333333336;909.3000000000001;6.333333333333333;1.3333333333333333;2
83587;2021-12-26;0.2;31.3;22.6;4.6;2021;12;26;-19.93;-43.93;915;58.0;57.0;63.0;910.0;912.2;910.4;2;0;1;1.54332;1.6;0.8;0.0;9.0;9.0;59.333333333333336;910.8666666666667;6.0;1.31444;2
83587;2021-12-27;0;30.7;22.3;7.1;2021;12;27;-19.93;-43.93;915;61.0;62.0;52.0;911.2;912.5;909.8;2;1;1;1.6;3.0;2.1;8.0;2.0;8.0;58.333333333333336;911.1666666666666;6.0;2.233333333333333;2
83587;2021-12-28;0;31.7;22.3;8.8;2021;12;28;-19.93;-43.93;915;63.0;62.0;43.0;910.6;911.9;909.5;2;1;4;1.6;1.6;1.3;7.0;4.0;4.0;56.0;910.6666666666666;5.0;1.5;2
83587;2021-12-29;0;31;21.8;3.6;2021;12;29;-19.93;-43.93;915;70.0;64.0;43.0;910.3;911.4;909.4;5;1;0;2.0;1.3;0.8;2.0;9.0;8.0;59.0;910.3666666666667;6.333333333333333;1.3666666666666665;5
83587;2021-12-30;0;26.8;19.9;0.5;2021;12;30;-19.93;-43.93;915;62.0;66.0;92.0;910.0;912.3;912.5;2;6;5;1.3;3.3;0.5;6.0;10.0;10.0;73.33333333333333;911.6;8.666666666666666;1.7;2
83587;2021-12-31;41.6;27.9;19.9;4.8;2021;12;31;-19.93;-43.93;915;95.0;79.0;52.0;911.5;912.7;910.7;7;6;5;0.5;1.6;2.6;10.0;10.0;10.0;75.33333333333333;911.6333333333333;10.0;1.5666666666666667;7
